business_category	team_label	requisitions	management_requisitions	ic_or_unidentified_requisitions	distinct_titles	countries
aws	label=team-sde-primary	904	37	867	652	12
alexa-and-amazon-devices	label=team-project-kuiper	217	25	192	166	2
aws	label=team-aws-sdm	132	107	25	104	9
advertising	label=team-amazon-ads	98	8	90	86	5
subsidiaries	label=team-amazon-robotics	81	5	76	73	3
selling-partner-services	label=no-team-listed	67	11	56	50	3
alexa-and-amazon-devices	label=team-ring-key-blink	52	2	50	40	8
no-business-category	label=no-team-listed	46	6	40	39	4
amazon-business	label=no-team-listed	44	8	36	33	3
amazon-security	label=team-aws-security	44	3	41	32	6
aws	label=team-machine-learning-primary	40	1	39	28	1
studentprograms	label=team-jobs-for-grads	39	0	39	33	17
aws	label=team-pro-serv	36	4	32	21	3
alexa-and-amazon-devices	label=devices-and-services-teams	35	2	33	27	7
aws	label=team-aws-cloud-management	29	4	25	22	2
entertainment	label=team-primevideo	29	9	20	25	4
alexa-and-amazon-devices	label=team-alexa-echo-devices	27	5	22	17	3
aws	label=team-hardware-development-primary	25	0	25	15	2
alexa-and-amazon-devices	label=amazon-device-software-and-services	24	1	23	21	4
operations	label=team-amazon-fulfillment-technology	24	1	23	16	3
retail	label=team-search-experience	23	8	15	18	3
ecp	label=team-ascs	22	2	20	20	3
finance	label=team-fintech	21	1	20	16	3
subsidiaries	label=team-global-audible	21	2	19	14	2
aws	label=team-us-security-clearance-jobs-primary	20	0	20	16	2
amazon-security	label=team-store-security	19	3	16	14	3
retail	label=team-intech	18	3	15	13	3
amazon-security	label=no-team-list	16	4	12	13	1
retail	label=team-global-prime-air	16	1	15	8	1
advertising	label=team-ad-serving-and-measurement	15	2	13	12	2
alexa-and-amazon-devices	label=team-hardware-and-eero	15	6	9	15	3
fulfillment-and-operations	label=team-last-mile-delivery	13	1	12	8	3
operations	label=team-supply-chain-optimization	13	1	12	9	3
aws	label=team-no-matching-primary-label-listed	12	1	11	12	4
pxt	label=no-sub-team-listed	12	3	9	12	3
consumer_engagement	label=team-personalization	11	0	11	8	2
pxt	label=team-aet	11	0	11	7	1
subsidiaries	label=team-global-twitch	11	3	8	11	2
entertainment	label=team-music	10	1	9	8	2
global-corporate	label=no-team-listed	10	0	10	2	2
international-stores	label=team-amazon-payments	10	1	9	6	2
kindlecontent	label=team-no-team-listed	10	0	10	10	5
customer-service	label=technology	9	2	7	7	2
entertainment	label=digital-acceleration	9	0	9	5	2
studentprograms	label=team-internships-for-students	9	0	9	9	6
alexa-and-amazon-devices	label=team-luna	8	2	6	8	1
amazon-artificial-general-intelligence	label=no-team-listed	8	0	8	7	2
ats	label=team-middle-mile-tech	8	2	6	8	3
aws	label=team-sales-primary	8	0	8	6	1
aws	label=team-system-development-engineer-primary	8	2	6	5	3
ecp	label=builder-works	8	2	6	8	3
operations	label=team-last-mile-tech	8	1	7	8	1
consumer_engagement	label=no-team-listed	7	0	7	7	1
operations	label=team-shipping-delivery-support	7	4	3	4	1
amazon-business	label=team-consumer-3p-job-posting	6	0	6	5	2
consumerpayments	label=no-team-listed	6	3	3	6	1
cx-and-business-trends	label=team-cxbt	6	0	6	3	1
fulfillment-technology-and-robotics	label=one-material-handling-system	6	0	6	4	1
north-america-stores	label=promotions	6	1	5	4	2
amazon-security	label=team-devices-security	5	2	3	5	1
ecp	label=team-ecommerce-services	5	2	3	5	2
ecp	label=team-tax-systems	5	1	4	5	2
ecp	label=engine	4	0	4	4	2
ecp	label=team-business-data-technologies	4	2	2	3	2
ecp	label=team-ordering-services	4	0	4	3	1
ecp	label=team-traffic-engineering	4	3	1	4	2
transportation-and-logistics	label=team-ats-tech	4	2	2	3	1
alexa-and-amazon-devices	label=team-smart-home	3	0	3	3	1
amazonian-experience-and-tech	label=team-es-technology	3	0	3	3	1
aws	label=team-data-science-primary	3	0	3	2	2
aws	label=team-fintech-aws	3	0	3	3	1
aws	label=team-government-cloud	3	0	3	2	1
consumer-payments	label=team-digital-emerging-payments	3	1	2	3	1
consumerpayments	label=team-b2b-payments-lending	3	0	3	1	1
consumerpayments	label=team-pay	3	1	2	3	1
operations	label=team-dex	3	0	3	2	1
retail	label=team-icb-in	3	1	2	3	1
retail	label=team-us-amazon-prime	3	1	2	3	2
transportation-and-logistics	label=team-last-mile-delivery-tech	3	1	2	3	2
transportation-and-logistics	label=team-ww-returns-recommerce	3	2	1	3	1
advertising	label=team-analytics-and-insights	2	0	2	1	1
alexa-and-amazon-devices	label=no-team-listed	2	1	1	2	1
alexa-and-amazon-devices	label=team-appstore	2	2	0	2	1
alexa-and-amazon-devices	label=team-devices-sales-and-marketing	2	1	1	2	1
alexa-and-amazon-devices	label=team-firetv-tablets	2	0	2	2	2
amazon-security	label=amazon-integrated-security	2	0	2	2	1
amazongo	label=no-team-listed	2	1	1	2	1
business-and-corporate-development	label=team-amazon-fuse	2	0	2	2	1
consumer_engagement	label=team-shopping-foundations	2	0	2	2	1
consumerpayments	label=team-paymentstech	2	1	1	2	1
customer-service	label=team-d2as-cs-fixed-digital	2	0	2	2	2
ecp	label=region-flexibility-engineering	2	2	0	2	1
ecp	label=team-ecfi3	2	0	2	2	2
ecp	label=team-identity-services	2	0	2	1	1
ecp	label=team-privacy	2	0	2	2	1
entertainment	label=team-pv-linear	2	1	1	2	1
fulfillment-and-operations	label=team-global-fulfillment-loss-prevention-and-security	2	0	2	1	1
north-america-stores	label=pricing	2	0	2	1	1
operations	label=team-last-mile-org	2	0	2	2	1
pxt	label=team-connections	2	0	2	1	1
retail	label=no-team-listed	2	1	1	2	1
retail	label=team-es-jobs	2	0	2	2	1
retail	label=team-private-brands	2	0	2	1	1
seller-services	label=no-team-listed	2	0	2	2	2
selling-partner-services	label=team-selling-partner-risk	2	0	2	2	1
transportation-and-logistics	label=team-last-mile-delivery	2	1	1	2	2
worldwide-grocery-stores	label=no-team-listed	2	1	1	2	2
alexa-and-amazon-devices	label=team-ddg	1	0	1	1	1
alexa-and-amazon-devices	label=team-operations-and-supply-chain	1	0	1	1	1
amazon-customer-service	label=team-associates	1	1	0	1	1
amazon-security	label=team-corporate-services-security	1	0	1	1	1
amazonian-experience-and-tech	label=no-team-listed	1	0	1	1	1
aws	label=team-product-management-primary	1	1	0	1	1
consumerpayments	label=team-paymentproducts	1	1	0	1	1
cross-channel-cross-category-marketing	label=no-team-listed	1	0	1	1	1
customer-trust-and-partner-support	label=team-selling-partner-risk	1	1	0	1	1
customer-trust-and-partner-support	label=team-selling-partner-support	1	0	1	1	1
ecp	label=team-global-it-services	1	0	1	1	1
ecp	label=team-intelligent-cloud-control	1	1	0	1	1
finance	label=team-consumer	1	0	1	1	1
finance	label=team-finauto	1	0	1	1	1
fulfillment-and-operations	label=no-team-listed	1	0	1	1	1
fulfillment-ops	label=team-sustainability	1	1	0	1	1
fulfillment-technology-and-robotics	label=team-frontier-ai-robotics	1	0	1	1	1
healthcare	label=team-health-compliance	1	1	0	1	1
healthcare	label=team-pharmacy	1	1	0	1	1
international-stores	label=seller-services	1	0	1	1	1
international-stores	label=team-international-sellers-group	1	1	0	1	1
international-stores	label=team-kindlecontent	1	0	1	1	1
legal	label=team-legal-technology	1	0	1	1	1
north-america-stores	label=fashion	1	0	1	1	1
operations	label=team-amazon-delivery-technology	1	0	1	1	1
operations	label=team-global-customer-fulfillment-services	1	0	1	1	1
operations	label=team-no-team-listed	1	0	1	1	1
operations	label=team-ops-it	1	0	1	1	1
operations	label=team-transportation-engineering-services	1	0	1	1	1
operations	label=veeqo	1	0	1	1	1
pharmacy	label=no-team-listed	1	0	1	1	1
retail	label=team-na-expansion	1	0	1	1	1
selling-partner-services	label=fulfillment-by-amazon	1	0	1	1	1
transportation-and-logistics	label=team-amzl	1	1	0	1	1
transportation-and-logistics	label=team-na-operations	1	1	0	1	1
university	label=team-full-time-university-tech	1	0	1	1	1
