team_label	requisitions	management_requisitions	ic_or_unidentified_requisitions	distinct_business_categories	business_categories	distinct_titles	countries
label=team-sde-primary	904	37	867	1	aws	652	12
label=team-project-kuiper	217	25	192	1	alexa-and-amazon-devices	166	2
label=no-team-listed	202	32	170	16	alexa-and-amazon-devices,amazon-artificial-general-intelligence,amazon-business,amazongo,amazonian-experience-and-tech,consumer_engagement,consumerpayments,cross-channel-cross-category-marketing,fulfillment-and-operations,global-corporate,no-business-category,pharmacy,retail,seller-services,selling-partner-services,worldwide-grocery-stores	152	7
label=team-aws-sdm	132	107	25	1	aws	104	9
label=team-amazon-ads	98	8	90	1	advertising	86	5
label=team-amazon-robotics	81	5	76	1	subsidiaries	73	3
label=team-ring-key-blink	52	2	50	1	alexa-and-amazon-devices	40	8
label=team-aws-security	44	3	41	1	amazon-security	32	6
label=team-machine-learning-primary	40	1	39	1	aws	28	1
label=team-jobs-for-grads	39	0	39	1	studentprograms	33	17
label=team-pro-serv	36	4	32	1	aws	21	3
label=devices-and-services-teams	35	2	33	1	alexa-and-amazon-devices	27	7
label=team-aws-cloud-management	29	4	25	1	aws	22	2
label=team-primevideo	29	9	20	1	entertainment	25	4
label=team-alexa-echo-devices	27	5	22	1	alexa-and-amazon-devices	17	3
label=team-hardware-development-primary	25	0	25	1	aws	15	2
label=amazon-device-software-and-services	24	1	23	1	alexa-and-amazon-devices	21	4
label=team-amazon-fulfillment-technology	24	1	23	1	operations	16	3
label=team-search-experience	23	8	15	1	retail	18	3
label=team-ascs	22	2	20	1	ecp	20	3
label=team-fintech	21	1	20	1	finance	16	3
label=team-global-audible	21	2	19	1	subsidiaries	14	2
label=team-us-security-clearance-jobs-primary	20	0	20	1	aws	16	2
label=team-store-security	19	3	16	1	amazon-security	14	3
label=team-intech	18	3	15	1	retail	13	3
label=no-team-list	16	4	12	1	amazon-security	13	1
label=team-global-prime-air	16	1	15	1	retail	8	1
label=team-ad-serving-and-measurement	15	2	13	1	advertising	12	2
label=team-hardware-and-eero	15	6	9	1	alexa-and-amazon-devices	15	3
label=team-last-mile-delivery	15	2	13	2	fulfillment-and-operations,transportation-and-logistics	10	3
label=team-supply-chain-optimization	13	1	12	1	operations	9	3
label=no-sub-team-listed	12	3	9	1	pxt	12	3
label=team-no-matching-primary-label-listed	12	1	11	1	aws	12	4
label=team-aet	11	0	11	1	pxt	7	1
label=team-global-twitch	11	3	8	1	subsidiaries	11	2
label=team-no-team-listed	11	0	11	2	kindlecontent,operations	11	5
label=team-personalization	11	0	11	1	consumer_engagement	8	2
label=team-amazon-payments	10	1	9	1	international-stores	6	2
label=team-music	10	1	9	1	entertainment	8	2
label=digital-acceleration	9	0	9	1	entertainment	5	2
label=team-internships-for-students	9	0	9	1	studentprograms	9	6
label=technology	9	2	7	1	customer-service	7	2
label=builder-works	8	2	6	1	ecp	8	3
label=team-last-mile-tech	8	1	7	1	operations	8	1
label=team-luna	8	2	6	1	alexa-and-amazon-devices	8	1
label=team-middle-mile-tech	8	2	6	1	ats	8	3
label=team-sales-primary	8	0	8	1	aws	6	1
label=team-system-development-engineer-primary	8	2	6	1	aws	5	3
label=team-shipping-delivery-support	7	4	3	1	operations	4	1
label=one-material-handling-system	6	0	6	1	fulfillment-technology-and-robotics	4	1
label=promotions	6	1	5	1	north-america-stores	4	2
label=team-consumer-3p-job-posting	6	0	6	1	amazon-business	5	2
label=team-cxbt	6	0	6	1	cx-and-business-trends	3	1
label=team-devices-security	5	2	3	1	amazon-security	5	1
label=team-ecommerce-services	5	2	3	1	ecp	5	2
label=team-tax-systems	5	1	4	1	ecp	5	2
label=engine	4	0	4	1	ecp	4	2
label=team-ats-tech	4	2	2	1	transportation-and-logistics	3	1
label=team-business-data-technologies	4	2	2	1	ecp	3	2
label=team-ordering-services	4	0	4	1	ecp	3	1
label=team-traffic-engineering	4	3	1	1	ecp	4	2
label=team-b2b-payments-lending	3	0	3	1	consumerpayments	1	1
label=team-data-science-primary	3	0	3	1	aws	2	2
label=team-dex	3	0	3	1	operations	2	1
label=team-digital-emerging-payments	3	1	2	1	consumer-payments	3	1
label=team-es-technology	3	0	3	1	amazonian-experience-and-tech	3	1
label=team-fintech-aws	3	0	3	1	aws	3	1
label=team-government-cloud	3	0	3	1	aws	2	1
label=team-icb-in	3	1	2	1	retail	3	1
label=team-last-mile-delivery-tech	3	1	2	1	transportation-and-logistics	3	2
label=team-pay	3	1	2	1	consumerpayments	3	1
label=team-selling-partner-risk	3	1	2	2	customer-trust-and-partner-support,selling-partner-services	3	2
label=team-smart-home	3	0	3	1	alexa-and-amazon-devices	3	1
label=team-us-amazon-prime	3	1	2	1	retail	3	2
label=team-ww-returns-recommerce	3	2	1	1	transportation-and-logistics	3	1
label=amazon-integrated-security	2	0	2	1	amazon-security	2	1
label=pricing	2	0	2	1	north-america-stores	1	1
label=region-flexibility-engineering	2	2	0	1	ecp	2	1
label=team-amazon-fuse	2	0	2	1	business-and-corporate-development	2	1
label=team-analytics-and-insights	2	0	2	1	advertising	1	1
label=team-appstore	2	2	0	1	alexa-and-amazon-devices	2	1
label=team-connections	2	0	2	1	pxt	1	1
label=team-d2as-cs-fixed-digital	2	0	2	1	customer-service	2	2
label=team-devices-sales-and-marketing	2	1	1	1	alexa-and-amazon-devices	2	1
label=team-ecfi3	2	0	2	1	ecp	2	2
label=team-es-jobs	2	0	2	1	retail	2	1
label=team-firetv-tablets	2	0	2	1	alexa-and-amazon-devices	2	2
label=team-global-fulfillment-loss-prevention-and-security	2	0	2	1	fulfillment-and-operations	1	1
label=team-identity-services	2	0	2	1	ecp	1	1
label=team-last-mile-org	2	0	2	1	operations	2	1
label=team-paymentstech	2	1	1	1	consumerpayments	2	1
label=team-privacy	2	0	2	1	ecp	2	1
label=team-private-brands	2	0	2	1	retail	1	1
label=team-pv-linear	2	1	1	1	entertainment	2	1
label=team-shopping-foundations	2	0	2	1	consumer_engagement	2	1
label=fashion	1	0	1	1	north-america-stores	1	1
label=fulfillment-by-amazon	1	0	1	1	selling-partner-services	1	1
label=seller-services	1	0	1	1	international-stores	1	1
label=team-amazon-delivery-technology	1	0	1	1	operations	1	1
label=team-amzl	1	1	0	1	transportation-and-logistics	1	1
label=team-associates	1	1	0	1	amazon-customer-service	1	1
label=team-consumer	1	0	1	1	finance	1	1
label=team-corporate-services-security	1	0	1	1	amazon-security	1	1
label=team-ddg	1	0	1	1	alexa-and-amazon-devices	1	1
label=team-finauto	1	0	1	1	finance	1	1
label=team-frontier-ai-robotics	1	0	1	1	fulfillment-technology-and-robotics	1	1
label=team-full-time-university-tech	1	0	1	1	university	1	1
label=team-global-customer-fulfillment-services	1	0	1	1	operations	1	1
label=team-global-it-services	1	0	1	1	ecp	1	1
label=team-health-compliance	1	1	0	1	healthcare	1	1
label=team-intelligent-cloud-control	1	1	0	1	ecp	1	1
label=team-international-sellers-group	1	1	0	1	international-stores	1	1
label=team-kindlecontent	1	0	1	1	international-stores	1	1
label=team-legal-technology	1	0	1	1	legal	1	1
label=team-na-expansion	1	0	1	1	retail	1	1
label=team-na-operations	1	1	0	1	transportation-and-logistics	1	1
label=team-operations-and-supply-chain	1	0	1	1	alexa-and-amazon-devices	1	1
label=team-ops-it	1	0	1	1	operations	1	1
label=team-paymentproducts	1	1	0	1	consumerpayments	1	1
label=team-pharmacy	1	1	0	1	healthcare	1	1
label=team-product-management-primary	1	1	0	1	aws	1	1
label=team-selling-partner-support	1	0	1	1	customer-trust-and-partner-support	1	1
label=team-sustainability	1	1	0	1	fulfillment-ops	1	1
label=team-transportation-engineering-services	1	0	1	1	operations	1	1
label=veeqo	1	0	1	1	operations	1	1
