id	resource	provider	source_type	access	target_stage	employer_scope	retrieval_date	source_url	evidence_status	notes
amazon-software-development-topics	Software development interview topics	Amazon	employer guide	public	technical interview / online assessment	Amazon SDE	2026-09-28	https://amazon.jobs/content/en/how-we-hire/interview-prep/software-development-topics	primary source	Topics and employer preparation guidance; does not establish hiring conversion.
amazon-sde-ii-oa	Online Assessment Prep: Software Development Engineer II	Amazon	employer guide	public	online assessment	Amazon SDE II	2026-09-28	https://amazon.jobs/content/en/how-we-hire/sde-ii-oa-prep	primary source	Describes coding, system design, work styles, and assessment sequencing.
leetcode-75	LeetCode 75	LeetCode	commercial platform / study plan	public landing page	coding interview	general	2026-09-28	https://leetcode.com/studyplan/leetcode-75/	provider description	75-question plan; outcome effect not established by landing page.
leetcode-top-150	Top Interview 150	LeetCode	commercial platform / study plan	public landing page	coding interview	general	2026-09-28	https://leetcode.com/studyplan/top-interview-150/	provider description	150-question plan; outcome effect not established by landing page.
tech-interview-handbook-coding	Coding interviews: Everything you need to prepare	Tech Interview Handbook	free community guide	public	coding interview	general / top tech	2026-09-28	https://www.techinterviewhandbook.org/coding-interview-prep/	author guide	Structured preparation advice and rubric; success claims require denominator/background audit.
tech-interview-handbook-study-plan	Coding interview study plan	Tech Interview Handbook	free community guide	public	coding interview	general / top tech	2026-09-28	https://www.techinterviewhandbook.org/coding-interview-study-plan/	author guide	Publishes time-based study plan; outcome effect not independently established here.
algoexpert	AlgoExpert	AlgoExpert	paid preparation platform	paid product; public landing page	coding interview	general	2026-09-28	https://www.algoexpert.io/	provider marketing	Markets curated coding questions, explanations, and data-structure instruction; treat efficacy claims as provider claims.
grind75	Grind 75	Tech Interview Handbook / Yangshun Tay	free community study plan	public	coding interview	general / top tech	2026-09-28	https://www.techinterviewhandbook.org/grind75/?mode=all	author-maintained guide	Customizable successor to Blind 75; current page exposes 169 recommended questions when showing all.
blind75	Blind 75	Yangshun Tay / Tech Interview Handbook	free community question list	public	coding interview	general / top tech	2026-09-28	https://www.techinterviewhandbook.org/best-practice-questions/	author-maintained historical/current route	Author identifies this as the original Blind 75 lineage and points to Grind 75 as its modern customizable successor.
neetcode-practice	NeetCode Practice	NeetCode	commercial/free preparation platform	public practice surface; paid features may exist	coding interview	general	2026-09-28	https://neetcode.io/practice	provider page	Coding interview practice surface; outcome effect not established by provider page.
hackerrank-prep-kits	Interview Preparation Kits	HackerRank	commercial/free coding platform	public kits	coding assessment / interview	general	2026-09-28	https://www.hackerrank.com/interview/preparation-kits	provider page	Current kits advertise 1-week 21-challenge, 1-month 54-challenge, and 3-month 104-challenge tracks.
interviewingio	Anonymous mock interviews	interviewing.io	paid/free mock-interview platform	public landing page; paid human mocks/coaching; free material also advertised	mock technical interview / system design / behavioral	FAANG and adjacent	2026-09-28	https://interviewing.io/	provider page plus separate observational studies	Human mocks with senior/staff/principal interviewers plus AI practice; provider outcome claims must stay separate from independent evidence.
grokking-coding-interview	Grokking the Coding Interview: Patterns for Coding Questions	DesignGurus	paid course	paid product; public course description	coding interview	general / top tech	2026-09-28	https://www.designgurus.io/course/grokking-the-coding-interview	provider page	Current description advertises 41 patterns, 300+ problems, 90h study time, and top-company placement testimonials; efficacy claims are provider claims.
cracking-coding-interview	Cracking the Coding Interview, 6th ed.	Gayle Laakmann McDowell / CareerCup	book	commercial book; public descriptive site	coding + behavioral interview	top technology companies	2026-09-28	https://www.crackingthecodinginterview.com/	author page	189 questions plus strategies and hiring-process guidance; testimonials are selected success stories, not denominator-bearing evidence.
