name	field	mad_site_paper_count	coverage_state	note
Samson A. Adeleke	Applied Mathematics	11	discovery_only	
John O. Adeyeye	Continuum Mechanics	27	discovery_only	
Kenzu Abdella	Mathematical Physics	17	discovery_only	
Pascal Kossivi Adjamagbo	Algebra	24	discovery_only	
David I. Adu	Topological Semigroups	10	discovery_only	
Evans Afenya	Mathematical Biology	15	discovery_only	
Anthony Afuwape	Applied Mathematics	17	discovery_only	
Adebisi Agboola	Algebraic Geometry / Number Theory	11	discovery_only	
Akeem Adesina A. Agboola	Loops	10	discovery_only	
Elsayed Mohamed Ahmed	Mathematical Physics	58	discovery_only	
Oluska Akinyele	Functional Analysis	49	discovery_only	
Ghidewon Abay Asmerom	Combinatorics / Graph Theory	5	discovery_only	
Edet P. Akpan	Differential Equations	8	discovery_only	
Idris Assani	Ergodic Theory	35	discovery_only	
Reuben O. Ayeni	Mathematical Modelling	8	discovery_only	
Ezekiel O. Ayoola	Differential Equations	18	discovery_only	
Cherif Badji	Geometric Analysis	6	discovery_only	
Garth A. Baker	Numerical Analysis	22	discovery_only	
Richard L. Baker	Analysis / Operator Algebras	10	discovery_only	
Bola Olujide Balogun	Algebra	8	discovery_only	
Gaspard Bangerezako	Mathematical Physics	5	discovery_only	
Augustin Banyaga	Differential Topology	53	discovery_only	
Curtis Barefoot	Combinatorics	22	discovery_only	
Earl R. Barnes	Applied Mathematics / Operations Research	32	discovery_only	
David Bekolle	Classical Analysis	23	discovery_only	
Charles B. Bell, Jr.	Statistics	39	discovery_only	
Daniel E. Bentil	Applied Mathematics / Biophysics	8	discovery_only	
Shiferaw Berhanu	Complex Analysis	16	discovery_only	
Albert Turner Bharucha-Reid	Analysis / Statistics	80	discovery_only	
David Blackwell	Statistics	90	discovery_only	
Kbenesh W. Blayneh	Mathematical Biology	9	discovery_only	
Michel Nguiffo Boyom		21	discovery_only	
Emery Brown	Biostatistics / Medicine	40	discovery_only	
Johnny E. Brown	Complex Analysis	24	discovery_only	
Nöel Bryson	Applied Mathematics / Operations Research	38	discovery_only	
Ron Buckmire	Applied Mathematics	5	discovery_only	
Charles C. Cadogan	Combinatorics	19	discovery_only	
Charles E. Chidume	Applied Mathematics	46	discovery_only	
Ethelbert Chukwu	Applied Mathematics	75	discovery_only	
Jessie Paul Clay	Topology	6	discovery_only	
Dominic Clemence	Analysis	11	discovery_only	
Kevin Corlette	Differential Geometry	12	discovery_only	
Charles G. Costley	Analysis	8	discovery_only	
James H. Curry	Applied Mathematics	18	discovery_only	
Louis Dale	Algebra	21	discovery_only	
Patrick Darko	Geometric Analysis	18	discovery_only	
Nathaniel Dean	Graph Theory / Applied Mathematics	45	discovery_only	
Lloyd Demetrius	Mathematical Biology	41	discovery_only	
Joseph Dennis		5	discovery_only	
Galaye Dia	Statistics	6	discovery_only	
Toka Diagana	Functional Analysis	16	discovery_only	
James A. Donaldson	Analysis / History	18	discovery_only	
Francisco Antonio Doria	Mathematical Physics / Logic / Philosophy of Science	65	discovery_only	
Heneri Dzinotyiweyi	Topological Semigroups	33	discovery_only	
Stanley M. Einstein-Matthews	Geometry / Topology	9	discovery_only	
G. O. S. Ekhaguere	Mathematical Physics	29	discovery_only	
Augustine O. Esogbue	Operations Research	37	discovery_only	
John A. Ewell	Number Theory	45	discovery_only	
James Ezeilo	Applied Mathematics	71	discovery_only	
Jean Pierre Ezin		10	discovery_only	
Koffi Fadimba	Applied Mathematics	5	discovery_only	
Jonathan D. Farley	Lattice Theory	20	discovery_only	
Edward Farrell	Combinatorics	113	discovery_only	
Simeon Ola Fatunla	Applied Mathematics	15	discovery_only	
Amassa Fauntleroy	Algebraic Geometry	18	discovery_only	
Wilfrid Gangbo	Applied Mathematics	22	discovery_only	
Roosevelt Gentry	Applied Mathematics	5	discovery_only	
Seyoum Getu	Algebra / Combinatorics	14	discovery_only	
Tepper L. Gill	Mathematical Physics	24	discovery_only	
Edray Goins	Number Theory	6	discovery_only	
Carl Graham	Applied Probability	17	discovery_only	
Arthur D. Grainger	Analysis / Logic	6	discovery_only	
David Green, Jr.	Applied Mathematics	10	discovery_only	
Carroll J. Guillory	Analysis	10	discovery_only	
Abba Gumel	Applied Mathematics	33	discovery_only	
R. Charles Hagwood	Statistics	22	discovery_only	
Velmer Headley	Differential Equations	20	discovery_only	
Isom Herron	Applied Mathematics	21	discovery_only	
Henri Hogbe-Nlend	Analysis	40	discovery_only	
Norbert M. Hounkonnou	Mathematical Physics	24	discovery_only	
Fern Y. Hunt	Applied Mathematics	18	discovery_only	
M. A. Ibiejugba	Applied Mathematics	19	discovery_only	
Samuel A. Ilori	Topology	23	discovery_only	
Trachette Jackson	Mathematical Biology	13	discovery_only	
Clifford V. Johnson	Mathematical Physics	65	discovery_only	
Overtoun M. Jenda	Algebra	49	discovery_only	
David James	Differential Topology	6	discovery_only	
Raymond L. Johnson	Applied Mathematics	25	discovery_only	
James Joseph	Topology	44	discovery_only	
Donald R. King	Algebra	6	discovery_only	
Timoléon Crépin Kofané	Mathematical Physics	15	discovery_only	
Issoufou Kouada		10	discovery_only	
Akry Koulibaly	Algebra	13	discovery_only	
Aderemi Kuku	Algebra	21	discovery_only	
Tor A. Kwembe	Applied Mathematics	11	discovery_only	
Charles Dwight Lahr	Functional Analysis	13	discovery_only	
Joshua Leslie	Differential Geometry	19	discovery_only	
Celestin Lele	Algebra	8	discovery_only	
Mark E. Lewis	Stochastic Processes	10	discovery_only	
Amha Tume Lisan	Topological Algebra	8	discovery_only	
Lennox S. O. Liverpool	Complex Analysis	12	discovery_only	
Gane Samb Lô	Probability	6	discovery_only	
Serigne Aliu Lo	Functional Analysis	5	discovery_only	
Nöel Lohoue	Functional Analysis	66	discovery_only	
Dawn Alisha Lott	Biomathematics	5	discovery_only	
Clement Lutterodt	Geometric Analysis	31	discovery_only	
Eugene W. Madison	Logic	12	discovery_only	
Sizwe Mabizela	Functional Analysis	13	discovery_only	
Bernard A. Mair	Applied Mathematics	27	discovery_only	
Olowole Makinde	Applied Mathematics	55	discovery_only	
William Massey	Stochastic Processes	38	discovery_only	
Mamadou Mboup	Applied Mathematics	36	discovery_only	
Clement McCalla	Operations Research	11	discovery_only	
Christine McMillan	Applied Mathematics	11	discovery_only	
William McWorter	Algebra	7	discovery_only	
Alex Meril	Analysis	16	discovery_only	
Ronald Mickens	Mathematical Physics	90	discovery_only	
Walter M. Miller	Dynamical Systems	7	discovery_only	
Hugh Millington	Analysis	8	discovery_only	
Luna I. Mishoe	Applied Mathematics	8	discovery_only	
Salah-Eldin A. Mohammed	Differential Equations	27	discovery_only	
Harry Morrison	Mathematical Physics		discovery_only	paper count absent on MAD research-core row
John N. Mutio	Algebra	5	discovery_only	
Ousseynou Nakoulima	Algebraic Geometry	5	discovery_only	
James Nelson, Jr.	Topology	6	discovery_only	
Gaston M. N'Guérékata	Analysis	40	discovery_only	
Mary Teuw Niane		10	discovery_only	
G. Edward Njock	Algebra	18	discovery_only	
Guy M. Nkiet	Statistics	12	discovery_only	
Marius N. Nkashama	Differential Equations	31	discovery_only	
Chike Obi	Applied Mathematics	21	discovery_only	
Wandera Ogana	Applied Mathematics	32	discovery_only	
James Adedayo Oguntuase	Analysis	17	discovery_only	
David O. Olagunju	Applied Mathematics	13	discovery_only	
Johnson O. Olaleru	Topology	8	discovery_only	
Adegoke Olubummo	Analysis	24	discovery_only	
George O. Okikiolu	Analysis	193	discovery_only	
Katherine Okikiolu	Analysis	8	discovery_only	
Zephyrinus Okonkwo	Applied Mathematics	10	discovery_only	
Kevin Osondu	Algebra	11	discovery_only	
Micah Okwuchukwu Osilike	Applied Mathematics	7	discovery_only	
Gabriel A. Oyibo	Applied Mathematics	10	discovery_only	
Aida B. Paalman-De Miranda	Topology	12	discovery_only	
Richard F. Patterson	Statistics	9	discovery_only	
Paul Peart	Combinatorics	13	discovery_only	
Arlie O. Petters	Mathematical Physics	26	discovery_only	
Percy A. Pierre	Applied Mathematics	12	discovery_only	
Carl Prather	Analysis	25	discovery_only	
Donald Richards	Statistics	53	discovery_only	
DeJuran Richardson	Biostatistics	10	discovery_only	
Karl Robinson	Algebra	7	discovery_only	
Philippe Rukimbira	Differential Geometry	12	discovery_only	
Samir H. Saker	Differential / Difference Equations	70	discovery_only	
Daouda Sangare	Algebra	10	discovery_only	
Donald F. St. Mary	Differential Equations / Acoustics	24	discovery_only	
Bonita Saunders	Applied Mathematics	7	discovery_only	
Hamet Seydi	Algebraic Geometry	38	discovery_only	
Juma Shabani	Mathematical Physics	18	discovery_only	
Temba Shonhiwa	Combinatorics	9	discovery_only	
Precious Sibanda	Applied Mathematics	18	discovery_only	
Kenny Koffi Siggini	Analysis	6	discovery_only	
Adewale Solarin	Algebra / Statistics	55	discovery_only	
Willie E. Taylor, Jr.	Differential Equations	35	discovery_only	
Haroon Tejumola	Differential Equations	33	discovery_only	
Doudou Sakhir Thiam		5	discovery_only	
Michael M. Tom	Differential Equations	10	discovery_only	
Barama Toni	Differential Analysis / Geometry	8	discovery_only	
Saliou Toure	Analysis	9	discovery_only	
Hamidou Touré	Mathematical Physics	12	discovery_only	
James C. Turner	Applied Mathematics	4	discovery_only	MAD page lists this count despite stated at-least-five criterion
Livinus Uko	Numerical Functional Analysis	31	discovery_only	
Aissa Wade	Symplectic Geometry	7	discovery_only	
Donald Weddington	Topology	4	discovery_only	MAD page lists this count despite stated at-least-five criterion
Suzanne L. Weekes	Applied Mathematics	8	discovery_only	
Nathaniel Whitaker	Applied Mathematics	6	discovery_only	
J. Ernest Wilkins	Applied Mathematics / Nuclear Engineering	86	discovery_only	
Daniel A. Williams	PDE / Applied Mathematics	6	discovery_only	
Floyd Williams	Analysis	44	discovery_only	
Lawrence R. Williams	Analysis	11	discovery_only	
Scott W. Williams	Topology / Set Theory	32	discovery_only	
Paul E. Wright	Graph Theory	15	discovery_only	
Abdul-Aziz Yakubu	Mathematical Biology	17	discovery_only	
Emmanuel Yomba	Mathematical Physics	5	discovery_only	
