retrieved_at	amazon_job_id	source_record_id	title	location	city	state	country	posted	updated	job_category	business_category	team	schedule_type	manager_status	degree_status	compiler_screening	domain_tags	source_url	source_record_sha256
2026-09-16T15:57:53Z	2925690	8ba4df35-d713-46b4-b2db-51a33f4c74a3	Sr. SDE, MLA hardware/software co-design, Annapurna Labs Machine Learning Acceleration	US, TX, Austin	Austin	TX	USA	March 12, 2025		Software Development	aws	label=team-machine-learning-primary		not_identified	not_stated	none	machine_learning,cloud_infrastructure,database_search,security_identity,embedded_systems,application_backend	https://www.amazon.jobs/en/jobs/2925690/sr-sde-mla-hardware-software-co-design-annapurna-labs-machine-learning-acceleration	df3f349c73413eb87018b681b0a53d46f4f6767f9676c0f86b167fe51c97be79
2026-09-16T15:57:53Z	2989101	380c8a67-4e26-4f4d-9d39-72e522bb79e8	Sr. Software Engineer- AI/ML, AWS Neuron Distributed Training - Performance Optimization	US, WA, Seattle	Seattle	WA	USA	May 21, 2025		Software Development	aws	label=team-sde-primary		not_identified	preferred_only	mention_only	compiler_mention,machine_learning,cloud_infrastructure,embedded_systems	https://www.amazon.jobs/en/jobs/2989101/sr-software-engineer-ai-ml-aws-neuron-distributed-training-performance-optimization	16182d7865e23f386057356213576ecb9bfc7aebb7a4e6faf0e1bb21d250be56
2026-09-16T15:57:53Z	3062273	f5697965-aa34-48ca-a7f4-eec12a4f0bac	Software Development Engineer, ML Systems, Annapurna Labs	US, NY, New York	New York	NY	USA	August 19, 2025		Software Development	aws	label=team-machine-learning-primary		not_identified	preferred_only	mention_only	compiler_mention,machine_learning,distributed_systems,cloud_infrastructure,networking,database_search,security_identity,application_backend	https://www.amazon.jobs/en/jobs/3062273/software-development-engineer-ml-systems-annapurna-labs	3aa6fb930ef991ce7aa0663e4468037561de4050677e2b48d0c269f83d83a133
2026-09-16T15:57:53Z	3098222	e511fa52-4a0b-489e-93b7-2ca78c62f80f	Sr. Software Engineer- AI/ML, AWS Neuron Distributed Training	US, WA, Seattle	Seattle	WA	USA	September 30, 2025		Software Development	aws	label=team-sde-primary		not_identified	basic_qualifications	mention_only	compiler_mention,machine_learning,cloud_infrastructure,database_search,application_backend	https://www.amazon.jobs/en/jobs/3098222/sr-software-engineer-ai-ml-aws-neuron-distributed-training	22d7f109276d480c2a47d303c10675cd7e6f4b6aec1e5731e3b10926004501ef
2026-09-16T15:57:53Z	3119465	308a6f8b-c8a0-46e3-9c0f-f486a3a2b8a9	Machine Learning - Compiler Engineer , AWS Neuron, Annapurna Labs	US, CA, Cupertino	Cupertino	CA	USA	October 31, 2025		Software Development	aws	label=team-machine-learning-primary		not_identified	preferred_only	core_candidate_title	compiler_mention,machine_learning,cloud_infrastructure,database_search,security_identity,graphics_media,application_backend	https://www.amazon.jobs/en/jobs/3119465/machine-learning-compiler-engineer-aws-neuron-annapurna-labs	ae7bd23b1b484f27aa5631f790142f34033278adaa6bc77827bdfa0c964b5031
2026-09-16T15:57:53Z	3120217	1d764894-4eda-43ee-92b3-42ca8f08183f	Sr. Firmware Engineer, Annapurna Labs, Machine Learning Acceleration - Power and Performance	US, TX, Austin	Austin	TX	USA	November 3, 2025		Software Development	aws	label=team-hardware-development-primary		not_identified	basic_qualifications	none	machine_learning,cloud_infrastructure,embedded_systems,application_backend,operations_observability	https://www.amazon.jobs/en/jobs/3120217/sr-firmware-engineer-annapurna-labs-machine-learning-acceleration-power-and-performance	08438df5d046a8dd827023dba14bbb264d36e8802c4ddeab8ce99156cd548159
2026-09-16T15:57:53Z	3149763	cdd6ae37-d9c2-4e91-88f7-97f0ff2a0fe6	Sr. ASIC Design Engineer, Cloud-Scale Machine Learning Acceleration - Annapurna Labs	US, TX, Austin	Austin	TX	USA	December 29, 2025		Software Development	aws	label=team-sde-primary		not_identified	basic_qualifications	none	machine_learning,cloud_infrastructure,networking,database_search,security_identity,application_backend	https://www.amazon.jobs/en/jobs/3149763/sr-asic-design-engineer-cloud-scale-machine-learning-acceleration-annapurna-labs	a62c34dd7209900488be6ca8ad5746274b060d3f038e9708aa0b3e4aa5f38b33
2026-09-16T15:57:53Z	3151409	073f87eb-e69d-4832-9436-7a835a560dba	Software Development Engineer, ML Systems, Annapurna Labs	US, NY, New York	New York	NY	USA	January 3, 2026		Software Development	aws	label=team-machine-learning-primary		not_identified	preferred_only	mention_only	compiler_mention,machine_learning,distributed_systems,cloud_infrastructure,networking,database_search,security_identity,application_backend	https://www.amazon.jobs/en/jobs/3151409/software-development-engineer-ml-systems-annapurna-labs	c9038e7165dc7a56aab2964d0bd9f61b6a3d04b937ab908057dfc09c1bb8cb15
2026-09-16T15:57:53Z	3152739	90fba324-a9f5-4dee-85c0-0c1c6197b536	SDE, MLA hardware/software co-design, Annapurna Labs Machine Learning Acceleration	US, TX, Austin	Austin	TX	USA	January 5, 2026		Software Development	aws	label=team-machine-learning-primary		not_identified	basic_qualifications	none	machine_learning,cloud_infrastructure,database_search,security_identity,embedded_systems,application_backend	https://www.amazon.jobs/en/jobs/3152739/sde-mla-hardware-software-co-design-annapurna-labs-machine-learning-acceleration	5dbbc8482c928b8a712f52ef4dafbc3633a72cd488276b75aae4903c652a3a60
2026-09-16T15:57:53Z	3158229	7cfb7d16-293c-426e-89a5-c27c9d05866d	Sr. Machine Learning Engineer, AWS Applied AI Solution	US, WA, Seattle	Seattle	WA	USA	January 13, 2026		Software Development	aws	label=team-sde-primary		not_identified	preferred_only	none	machine_learning,cloud_infrastructure	https://www.amazon.jobs/en/jobs/3158229/sr-machine-learning-engineer-aws-applied-ai-solution	ff78568630b565c94af8f5d1aee73910fb4d86a82cb521881c47b468d1aab5bf
2026-09-16T15:57:53Z	3162426	14033066-f17b-4bf9-bb92-97f68fe6939a	Senior Virtual Platform Software Engineer, Annapurna Labs Machine Learning Accelerators, AWS	US, CA, Cupertino	Cupertino	CA	USA	January 20, 2026		Software Development	aws	label=team-sde-primary		not_identified	preferred_only	none	machine_learning,cloud_infrastructure,embedded_systems,graphics_media	https://www.amazon.jobs/en/jobs/3162426/senior-virtual-platform-software-engineer-annapurna-labs-machine-learning-accelerators-aws	7aef48d99ead77e01d9ec77cd674c0322cde12cf42bf5f2558a048da55381582
2026-09-16T15:57:53Z	3168219	467ef60c-a0af-4e97-a08c-2fa619fc485b	Sr. Software Engineer- AI/ML, AWS Neuron Distributed Training	US, CA, Cupertino	Cupertino	CA	USA	January 27, 2026		Software Development	aws	label=team-sde-primary		not_identified	basic_qualifications	mention_only	compiler_mention,machine_learning,cloud_infrastructure,database_search	https://www.amazon.jobs/en/jobs/3168219/sr-software-engineer-ai-ml-aws-neuron-distributed-training	5e3f996c5b0e2270b22db9803bd320d23507f0c35c149c9323af9d9b00736574
2026-09-16T15:57:53Z	3168926	637f3653-02b3-4d59-ac81-25cf34a6853f	Sr. Machine Learning - Compiler Engineer III, AWS Neuron, Annapurna Labs	US, CA, Cupertino	Cupertino	CA	USA	January 28, 2026		Software Development	aws	label=team-machine-learning-primary		not_identified	preferred_only	core_candidate_title	compiler_mention,machine_learning,cloud_infrastructure,networking	https://www.amazon.jobs/en/jobs/3168926/sr-machine-learning-compiler-engineer-iii-aws-neuron-annapurna-labs	6b0b973575174853836ddff593b66f5d33165ad6ba8e6dc5b710d68a03a13e64
2026-09-16T15:57:53Z	3175270	420d5544-0922-48db-8ac7-0b735caedbbc	Software Engineer- AI/ML, AWS Neuron Distributed Training - Performance Optimization	US, WA, Seattle	Seattle	WA	USA	February 5, 2026		Software Development	aws	label=team-sde-primary		not_identified	preferred_only	mention_only	compiler_mention,machine_learning,cloud_infrastructure,embedded_systems,application_backend	https://www.amazon.jobs/en/jobs/3175270/software-engineer-ai-ml-aws-neuron-distributed-training-performance-optimization	355d0395451285c52d173cd29ac59f7204f1f81d5c1f40ad18e88802add33261
2026-09-16T15:57:53Z	3190444	6365da59-099f-460a-9b62-418335055c71	Senior Software Development Engineer, AWS Machine Learning Accelerators	US, CA, Cupertino	Cupertino	CA	USA	February 26, 2026		Software Development	aws	label=team-sde-primary		not_identified	preferred_only	none	machine_learning,cloud_infrastructure,database_search,security_identity,application_backend	https://www.amazon.jobs/en/jobs/3190444/senior-software-development-engineer-aws-machine-learning-accelerators	43ed3df3bcf44251467d0fd370eb211ea8416b81d2c12b7a485e138671e87cde
2026-09-16T15:57:53Z	3198595	b92ca596-b62a-46f0-a709-1bbff2171076	Senior Architecture Modeling Engineer, AWS Machine Learning Accelerators	US, CA, Cupertino	Cupertino	CA	USA	March 6, 2026		Software Development	aws	label=team-sde-primary		not_identified	preferred_only	none	machine_learning,cloud_infrastructure,database_search,security_identity,application_backend	https://www.amazon.jobs/en/jobs/3198595/senior-architecture-modeling-engineer-aws-machine-learning-accelerators	65e03e3d7b25c281107d094986e306f57b72c35184414ee40301c90a7e1e2043
2026-09-16T15:57:53Z	3205794	48fc6a5a-f742-47ea-a2a1-e2b43ff288a4	Sr. ASIC Design Engineer, Cloud-Scale Machine Learning Acceleration team - Annapurna Labs	US, CA, Cupertino	Cupertino	CA	USA	March 16, 2026		Software Development	aws	label=team-sde-primary		not_identified	basic_qualifications	none	machine_learning,cloud_infrastructure,networking,application_backend	https://www.amazon.jobs/en/jobs/3205794/sr-asic-design-engineer-cloud-scale-machine-learning-acceleration-team-annapurna-labs	eb97d8bd50e9a9d18bcb7778c4296633ba3811c7daf9aea865537f92dba88027
2026-09-16T15:57:53Z	10375238	016d1058-7c8a-43d2-80c3-787b2ea424a0	Senior AI SoC Modeling Engineer, Annapurna Labs Machine Learning Accelerators, AWS	US, CA, Cupertino	Cupertino	CA	USA	March 24, 2026		Software Development	aws	label=team-sde-primary		not_identified	not_stated	mention_only	compiler_mention,machine_learning,cloud_infrastructure,networking,database_search,graphics_media	https://www.amazon.jobs/en/jobs/10375238/senior-ai-soc-modeling-engineer-annapurna-labs-machine-learning-accelerators-aws	aa0e66747d6179a150d47c82b9666b64fa50007f8775648c6904009f05f096a0
2026-09-16T15:57:53Z	10375239	10e3bc79-c061-4139-8d9e-989bbd44c0ba	Senior SoC Systems Software Engineer, Annapurna Labs Machine Learning Accelerators, AWS	US, CA, Cupertino	Cupertino	CA	USA	March 24, 2026		Software Development	aws	label=team-sde-primary		not_identified	not_stated	mention_only	compiler_mention,machine_learning,distributed_systems,cloud_infrastructure,networking,embedded_systems,graphics_media	https://www.amazon.jobs/en/jobs/10375239/senior-soc-systems-software-engineer-annapurna-labs-machine-learning-accelerators-aws	d3db96448d7b7718f28d9dc449ff5390888e74e9488dff739202800af2e9d7b3
2026-09-16T15:57:53Z	10378117	23ddc0ff-b9ec-4980-bc5d-9d89450b30b4	Virtual Platform Software Engineer, Annapurna Labs Machine Learning Accelerators, AWS	US, CA, Cupertino	Cupertino	CA	USA	March 27, 2026		Software Development	aws	label=team-sde-primary		not_identified	not_stated	none	machine_learning,cloud_infrastructure,embedded_systems,graphics_media	https://www.amazon.jobs/en/jobs/10378117/virtual-platform-software-engineer-annapurna-labs-machine-learning-accelerators-aws	24365ee4bc01f5a13472cc468b6a4ee761ecbd813c2e2c4e7c8972ddb1692049
2026-09-16T15:57:53Z	10378119	fa128687-d9eb-4d4c-864f-2e81cea43d7a	AI SoC Modeling Engineer, Annapurna Labs Machine Learning Accelerators, AWS	US, CA, Cupertino	Cupertino	CA	USA	March 27, 2026		Software Development	aws	label=team-sde-primary		not_identified	not_stated	mention_only	compiler_mention,machine_learning,cloud_infrastructure,networking,database_search,graphics_media	https://www.amazon.jobs/en/jobs/10378119/ai-soc-modeling-engineer-annapurna-labs-machine-learning-accelerators-aws	419ad2c11845e7ba807dc4ab195434bd6c1cec88317be027364df84cb46df7dc
2026-09-16T15:57:53Z	10378122	7cc2d27d-fe91-46e5-92b1-e219d3df4aab	SoC Systems Software Engineer, Annapurna Labs Machine Learning Accelerators, AWS	US, CA, Cupertino	Cupertino	CA	USA	March 27, 2026		Software Development	aws	label=team-sde-primary		not_identified	not_stated	mention_only	compiler_mention,machine_learning,distributed_systems,cloud_infrastructure,networking,embedded_systems	https://www.amazon.jobs/en/jobs/10378122/soc-systems-software-engineer-annapurna-labs-machine-learning-accelerators-aws	71e67de5acb8941ffaeb6cd29ca33eb0c7bffc3828774e6b88fab251eeb77bae
2026-09-16T15:57:53Z	10378255	0205951e-6982-465e-b174-68287b037f27	ML Kernel Performance Engineer, AWS Neuron, Annapurna Labs	US, CA, Cupertino	Cupertino	CA	USA	March 27, 2026		Software Development	aws	label=team-sde-primary		not_identified	preferred_only	mention_only	compiler_mention,machine_learning,cloud_infrastructure,embedded_systems,application_backend	https://www.amazon.jobs/en/jobs/10378255/ml-kernel-performance-engineer-aws-neuron-annapurna-labs	262af27f7fa91751e493027daff022cb3edce596a466e6155df4b99c1ad62226
2026-09-16T15:57:53Z	10381248	92453e98-92dd-42a3-9d8f-ca739d4cdad8	Software Engineer - ML and Distributed Systems, Amazon Personalize	US, CA, Mountain View	Mountain View	CA	USA	April 1, 2026		Software Development	aws	label=team-sde-primary		not_identified	preferred_only	none	machine_learning,distributed_systems,cloud_infrastructure,database_search,application_backend	https://www.amazon.jobs/en/jobs/10381248/software-engineer-ml-and-distributed-systems-amazon-personalize	d0c002d969982fffe225a529afa8fdcb72d032c1bff3694e7219aa92a0998aa3
2026-09-16T15:57:53Z	10407389	895b72c3-d2aa-4abc-bb37-21df4c28b442	Software Engineer II, Annapurna Labs ML Acceleration System Software	US, TX, Austin	Austin	TX	USA	April 29, 2026		Software Development	aws	label=team-sde-primary		not_identified	preferred_only	none	machine_learning,cloud_infrastructure,embedded_systems,application_backend,operations_observability	https://www.amazon.jobs/en/jobs/10407389/software-engineer-ii-annapurna-labs-ml-acceleration-system-software	f8702ebbf161a0b605131a19d7b1db3d1d2bceb5c331e2571af825b37964f59b
2026-09-16T15:57:53Z	10408416	0c18b389-044f-491e-b16e-d64790f4c779	Software Engineer II, Annapurna Labs ML Acceleration Systems Software	US, TX, Austin	Austin	TX	USA	April 30, 2026		Software Development	aws	label=team-sde-primary		not_identified	preferred_only	none	machine_learning,cloud_infrastructure,embedded_systems,application_backend,operations_observability	https://www.amazon.jobs/en/jobs/10408416/software-engineer-ii-annapurna-labs-ml-acceleration-systems-software	fb9cb2dc109ec8c66bdfbe4949959f4b72ba6a97cd9eaf0ac7338733354e0438
2026-09-16T15:57:53Z	10409009	9e590042-7a6f-4b34-b23b-566ee0111856	Sr. Machine Learning - Compiler Engineer III, AWS Neuron, Annapurna Labs	US, CA, Cupertino	Cupertino	CA	USA	May 1, 2026		Software Development	aws	label=team-machine-learning-primary		not_identified	preferred_only	core_candidate_title	compiler_mention,machine_learning,cloud_infrastructure,database_search,security_identity,application_backend	https://www.amazon.jobs/en/jobs/10409009/sr-machine-learning-compiler-engineer-iii-aws-neuron-annapurna-labs	69fc519a6f2f8d4b80a2d2da5b545d65980595a6d918bd90f5e1c0511196b74f
2026-09-16T15:57:53Z	10409010	4aec326d-1472-429c-82cc-9d085215f9c8	AI Hardware Systems Manager, Annapurna Labs, Trainium Machine Learning Fleet Operations	US, TX, Austin	Austin	TX	USA	June 15, 2026		Software Development	aws	label=team-aws-sdm		title_inferred	basic_qualifications	none	machine_learning,distributed_systems,cloud_infrastructure,graphics_media,application_backend,operations_observability	https://www.amazon.jobs/en/jobs/10409010/ai-hardware-systems-manager-annapurna-labs-trainium-machine-learning-fleet-operations	624905cf5a220ac35e1e74224c30782d31f04760384ac488b60e15c43a8324c5
2026-09-16T15:57:53Z	10409017	0def1fdd-6382-4960-b4ea-de52b9905fc9	C/C++ Hardware / Software Co-Design SDE, Machine Learning Acceleration Systems	US, CA, Cupertino	Cupertino	CA	USA	May 1, 2026		Software Development	aws	label=team-sde-primary		not_identified	preferred_only	none	machine_learning,cloud_infrastructure,networking,embedded_systems,application_backend	https://www.amazon.jobs/en/jobs/10409017/c-c-hardware-software-co-design-sde-machine-learning-acceleration-systems	4151758117d7b7f63696ab722936d9ee9f09f0d5824002c3d2d92d1ebcf8da67
2026-09-16T15:57:53Z	10409021	29a09672-d762-43a1-af13-c1fe80776477	Sr. DFT Design Engineer, AWS Machine Learning Acceleration	US, TX, Austin	Austin	TX	USA	May 1, 2026		Software Development	aws	label=team-machine-learning-primary		not_identified	basic_qualifications	none	machine_learning,cloud_infrastructure	https://www.amazon.jobs/en/jobs/10409021/sr-dft-design-engineer-aws-machine-learning-acceleration	e9f034db6b6337cf662f98ec2fa71ebde870f53c279b6247e1af8296807552e6
2026-09-16T15:57:53Z	10411920	c5bc1cc6-17ae-40ce-b19e-0c1c6f623c41	ASIC Design Engineer II, Annapurna Labs - Cloud-Scale Machine Learning Acceleration	US, CA, Cupertino	Cupertino	CA	USA	May 5, 2026		Software Development	aws	label=team-sde-primary		not_identified	basic_qualifications	none	machine_learning,cloud_infrastructure,application_backend	https://www.amazon.jobs/en/jobs/10411920/asic-design-engineer-ii-annapurna-labs-cloud-scale-machine-learning-acceleration	0d84dd4c9a3cc64fa20982c76d30a3517073a65ae4200d4d47581cf2f8a73432
2026-09-16T15:57:53Z	10416027	c7b36472-9b8c-4d79-a944-9634d941135a	Senior Software Development Engineer (AWS ML), Machine Learning Israel (MLIL) — FLOW sub-team (Fleet Lifecycle & Operational Workflows)	IL, Tel Aviv	Tel Aviv		ISR	May 11, 2026		Software Development	aws	label=team-sde-primary		not_identified	basic_qualifications	none	machine_learning,cloud_infrastructure,networking,operations_observability	https://www.amazon.jobs/en/jobs/10416027/senior-software-development-engineer-aws-ml-machine-learning-israel-mlil-flow-sub-team-fleet-lifecycle-operational-workflows	cb8295c5e3dd3f58640ee865aa57391f72255d0db773f838ac6cc4085e456051
2026-09-16T15:57:53Z	10418900	1655a5b9-4905-43c7-8dca-39dc1b9eab9f	Software Dev Engineer II, EC2 ML Provisioning	US, WA, Seattle	Seattle	WA	USA	May 13, 2026		Software Development	aws	label=team-sde-primary		not_identified	preferred_only	none	distributed_systems,cloud_infrastructure,database_search,security_identity,embedded_systems,application_backend	https://www.amazon.jobs/en/jobs/10418900/software-dev-engineer-ii-ec2-ml-provisioning	f2b9c293d44dd978a4f972d4435f17ade2b8f9d72110ae0f68f19840647673b1
2026-09-16T15:57:53Z	10418966	706464d8-9072-4a6e-9727-caebb64b8e1e	Machine Learning Engineer II, EU INTech - Exports, Emerging and Expansions	IN, KA, Bengaluru	Bengaluru	KA	IND	May 13, 2026		Software Development	amazon-business	label=no-team-listed		not_identified	basic_qualifications	none	machine_learning,distributed_systems,database_search	https://www.amazon.jobs/en/jobs/10418966/machine-learning-engineer-ii-eu-intech-exports-emerging-and-expansions	ca79bc227489844f844d77a8287fd53cd5dc152b0188a7b3625298d34fccde16
2026-09-16T15:57:53Z	10421819	303ca6a9-6a10-408e-b591-b118ae3a43cc	ML Infrastructure Engineer, Fauna	US, NY, New York	New York	NY	USA	May 15, 2026		Software Development	subsidiaries	label=team-amazon-robotics		not_identified	basic_qualifications	none	machine_learning,distributed_systems,cloud_infrastructure,networking,graphics_media	https://www.amazon.jobs/en/jobs/10421819/ml-infrastructure-engineer-fauna	936f37c72e846e17de5fe28c4bcdc6c13ab937a4fc7b7562ba438e92dd4283ad
2026-09-16T15:57:53Z	10423922	03c78896-4ef7-4b7b-876e-6a0f8774bbcf	Sr. Embedded Firmware Engineer, Annapurna Labs ML Acceleration Systems Software	US, TX, Austin	Austin	TX	USA	May 19, 2026		Software Development	aws	label=team-sde-primary		not_identified	basic_qualifications	none	machine_learning,cloud_infrastructure,embedded_systems,application_backend,operations_observability	https://www.amazon.jobs/en/jobs/10423922/sr-embedded-firmware-engineer-annapurna-labs-ml-acceleration-systems-software	f126f6cf9923656c103cb0c45aa6a2353f9670aa607ff58f595decb822a4f4f2
2026-09-16T15:57:53Z	10427132	ded21b29-c522-4784-8269-5072d6870fce	ML Compiler Engineer, Annapurna Labs	US, CA, Cupertino	Cupertino	CA	USA	May 21, 2026		Software Development	aws	label=team-sde-primary		not_identified	basic_qualifications	core_candidate_title	compiler_mention,machine_learning,cloud_infrastructure,networking,database_search,security_identity,application_backend	https://www.amazon.jobs/en/jobs/10427132/ml-compiler-engineer-annapurna-labs	eab1525b32920d55b64e42238e37a303e93d63b4d306b77f08953da5bcac08f0
2026-09-16T15:57:53Z	10432392	e1a587cf-71ed-4a15-9524-37a9af452966	Sr. Machine Learning - Compiler Engineer III, AWS Neuron, Annapurna Labs	US, CA, Cupertino	Cupertino	CA	USA	May 27, 2026		Software Development	aws	label=team-machine-learning-primary		not_identified	basic_qualifications	core_candidate_title	compiler_mention,machine_learning,cloud_infrastructure,database_search,security_identity,application_backend	https://www.amazon.jobs/en/jobs/10432392/sr-machine-learning-compiler-engineer-iii-aws-neuron-annapurna-labs	40778ba8a0b5499f6b6e8a7bee902e9ee4a195eb679a339769ceac4ffee478b9
2026-09-16T15:57:53Z	10433675	57266d5f-1660-484a-8e1a-07c45b39a298	Sr. Physical Design Engineer - Static Timing Analysis, Annapurna Labs, Cloud Scale Machine Learning	US, CA, Cupertino	Cupertino	CA	USA	May 28, 2026		Software Development	aws	label=team-sde-primary		not_identified	basic_qualifications	none	machine_learning,cloud_infrastructure,database_search,security_identity,application_backend	https://www.amazon.jobs/en/jobs/10433675/sr-physical-design-engineer-static-timing-analysis-annapurna-labs-cloud-scale-machine-learning	679063cd62e5df5035b97852e080b182482e67d802e6ff5b028767413a9aa69c
2026-09-16T15:57:53Z	10434988	7e744728-7fcf-47c0-89a6-af52315fa3a8	ML Accelerator Performance Validation Engineer, Post Silicon Validation	US, TX, Austin	Austin	TX	USA	May 29, 2026		Software Development	aws	label=team-aws-cloud-management		not_identified	basic_qualifications	none	machine_learning,cloud_infrastructure,embedded_systems	https://www.amazon.jobs/en/jobs/10434988/ml-accelerator-performance-validation-engineer-post-silicon-validation	da8fe4dd9fc0af50d51f7f54422098f284c95eacaccc28569394ea1b6e9cc3af
2026-09-16T15:57:53Z	10444125	5744d5e7-59a8-4311-9f43-2193a6239e8a	Sr. EMIR Engineer, Annapurna Labs - Cloud Scale Machine Learning	US, CA, Cupertino	Cupertino	CA	USA	June 9, 2026		Software Development	aws	label=team-sde-primary		not_identified	basic_qualifications	none	machine_learning,cloud_infrastructure,networking	https://www.amazon.jobs/en/jobs/10444125/sr-emir-engineer-annapurna-labs-cloud-scale-machine-learning	1b415e89c306c1f0cdbbbc33bdaac40fab18732a8aec03cedd09abaf6e657a64
2026-09-16T15:57:53Z	10447886	2a9d9080-2285-440f-b7f3-5d70952a1b31	Software Dev Engineer, Machine Learning Compilers	US, CA, Sunnyvale	Sunnyvale	CA	USA	June 12, 2026		Software Development	alexa-and-amazon-devices	label=devices-and-services-teams		not_identified	preferred_only	core_candidate_title	compiler_mention,machine_learning,cloud_infrastructure,networking,embedded_systems,application_backend	https://www.amazon.jobs/en/jobs/10447886/software-dev-engineer-machine-learning-compilers	7aeac55c1f8943abbaf0402434afcacef100d990d1e36b9eedd7043addc657f2
2026-09-16T15:57:53Z	10450199	5e11a060-f8d0-42f2-be5d-6e570588c5ef	Software Dev Engineer (ML)	LU, Luxembourg	Luxembourg		LUX	July 20, 2026		Software Development	kindlecontent	label=team-no-team-listed		not_identified	basic_qualifications	none	machine_learning,distributed_systems,cloud_infrastructure,database_search,security_identity,graphics_media,operations_observability	https://www.amazon.jobs/en/jobs/10450199/software-dev-engineer-ml	bed468bfcc364c4e56cb615dfbd0294d6a7055861f5c04913130e1f1f0f0443f
2026-09-16T15:57:53Z	10454007	d2a4add4-69ce-4bff-ab55-4836828dd68e	Physical Design Engineer - Static Timing Analysis, Annapurna Labs, Cloud Scale Machine Learning	US, CA, Cupertino	Cupertino	CA	USA	June 19, 2026		Software Development	aws	label=team-sde-primary		not_identified	basic_qualifications	none	machine_learning,cloud_infrastructure,database_search,security_identity	https://www.amazon.jobs/en/jobs/10454007/physical-design-engineer-static-timing-analysis-annapurna-labs-cloud-scale-machine-learning	d4cc8845e634e7c2a31f195bbe211b7e32dcb70d0cc6ff2823380e57a5b83243
2026-09-16T15:57:53Z	10455432	35788d7d-1042-40de-83e2-ebdf8fd8def0	ASIC Design Engineer, Cloud-Scale Machine Learning Acceleration team - Annapurna Labs	US, CA, Cupertino	Cupertino	CA	USA	June 22, 2026		Software Development	aws	label=team-sde-primary		not_identified	basic_qualifications	none	machine_learning,cloud_infrastructure,application_backend	https://www.amazon.jobs/en/jobs/10455432/asic-design-engineer-cloud-scale-machine-learning-acceleration-team-annapurna-labs	64ec808550b99e712160e31af457bdd6771031da5841a198151ed68c9c96da71
2026-09-16T15:57:53Z	10458269	9ce737c1-9f60-441f-b336-ba22f8d35b40	Applied Scientist, Machine Learning Accelerator - Annapurna Labs	US, MA, Boston	Boston	MA	USA	June 24, 2026		Software Development	aws	label=team-sde-primary		not_identified	basic_qualifications	none	machine_learning,distributed_systems,cloud_infrastructure,database_search,security_identity,application_backend	https://www.amazon.jobs/en/jobs/10458269/applied-scientist-machine-learning-accelerator-annapurna-labs	d1d3084b83e17a134b455676db3e372e1a415f7c24f533892ec7b9ad3abcd88d
2026-09-16T15:57:53Z	10459503	0debc8f3-7d2c-402b-ac0f-1448a3a4a8ab	Machine Learning Engineer , Amazon Customer Service	CA, BC, Vancouver	Vancouver	BC	CAN	June 26, 2026		Software Development	customer-service	label=technology		not_identified	preferred_only	none	machine_learning,cloud_infrastructure,security_identity,graphics_media,operations_observability	https://www.amazon.jobs/en/jobs/10459503/machine-learning-engineer-amazon-customer-service	4679a47e131874ab267330040461bb7575dd439c1379a156170768edd1ebf994
2026-09-16T15:57:53Z	10459878	37eec547-2543-4819-ba6a-a6af71d35d4f	EMIR Engineer, Annapurna Labs - Cloud Scale Machine Learning	US, CA, Cupertino	Cupertino	CA	USA	June 26, 2026		Software Development	aws	label=team-sde-primary		not_identified	preferred_only	none	machine_learning,cloud_infrastructure,networking	https://www.amazon.jobs/en/jobs/10459878/emir-engineer-annapurna-labs-cloud-scale-machine-learning	467855c8f59fec283780b004e9fb982c0b64d7ab39cc2fea0928b65e48ab780d
2026-09-16T15:57:53Z	10460975	f3da0025-5e89-4346-b170-529a674de0a8	Software Development Engineer - II, FinTech - Machine Learning	IN, TS, Hyderabad	Hyderabad	TS	IND	June 29, 2026		Software Development	finance	label=team-fintech		not_identified	preferred_only	none	machine_learning,distributed_systems	https://www.amazon.jobs/en/jobs/10460975/software-development-engineer-ii-fintech-machine-learning	ce827ecf996b55155ed10b537d44fefc10c7d7f56fc642b1764ab836e0fd2070
2026-09-16T15:57:53Z	10462362	baaad7ca-8a3d-4740-bde8-5590b691fd19	Lead SDE C/C++ Hardware/Software Co-Design, Machine Learning Acceleration Systems	US, CA, Cupertino	Cupertino	CA	USA	June 30, 2026		Software Development	aws	label=team-sde-primary		not_identified	preferred_only	none	machine_learning,cloud_infrastructure,networking,embedded_systems,application_backend	https://www.amazon.jobs/en/jobs/10462362/lead-sde-c-c-hardware-software-co-design-machine-learning-acceleration-systems	c105ea1c1199294640b5690dc59117de68f084b3eb62ef386cafa2256f0012c6
2026-09-16T15:57:53Z	10463313	4273d066-3142-401e-91a2-6f766e76c10d	SDE II, ML Infra Services, Annapurna Labs	US, WA, Seattle	Seattle	WA	USA	July 1, 2026		Software Development	aws	label=team-machine-learning-primary		not_identified	preferred_only	mention_only	compiler_mention,machine_learning,cloud_infrastructure,database_search,embedded_systems,frontend_mobile,graphics_media	https://www.amazon.jobs/en/jobs/10463313/sde-ii-ml-infra-services-annapurna-labs	7df39de247bc06fa4ca284aeb62e3e33711fe7ebfb44b34d97459e80764e6ec9
2026-09-16T15:57:53Z	10464055	ea6af3c3-48e0-49df-9710-a1e07487c2e1	Software Development Engineer I, ML Infra Services, Annapurna Labs	US, CA, Cupertino	Cupertino	CA	USA	July 1, 2026		Software Development	aws	label=team-machine-learning-primary		not_identified	not_stated	mention_only	compiler_mention,machine_learning,distributed_systems,cloud_infrastructure,database_search,frontend_mobile,graphics_media	https://www.amazon.jobs/en/jobs/10464055/software-development-engineer-i-ml-infra-services-annapurna-labs	250580216ff2c7b6327856633c26a78bf42bf52a7456197f08ddbba271cfcb3d
2026-09-16T15:57:53Z	10466123	32ce3285-7ba0-46aa-b9d3-5f8bd4942dae	Senior Software Engineer- ML Network Stack, ML Network Stack - Annapurna Labs	IL, Tel Aviv	Tel Aviv		ISR	July 6, 2026		Software Development	aws	label=team-sde-primary		not_identified	preferred_only	none	cloud_infrastructure,networking,embedded_systems	https://www.amazon.jobs/en/jobs/10466123/senior-software-engineer-ml-network-stack-ml-network-stack-annapurna-labs	6d0beea2b5f660af46ead0ce22f77f8c41226ebd5017c688c3363976ac03bd0e
2026-09-16T15:57:53Z	10466144	75c5d158-68c9-41dd-acc9-64b5e5e6636d	Senior ML Software Engineer, Data Plane	IL, Tel Aviv	Tel Aviv		ISR	July 6, 2026		Software Development	aws	label=team-sde-primary		not_identified	basic_qualifications	mention_only	compiler_mention,machine_learning,distributed_systems,cloud_infrastructure,networking,embedded_systems,graphics_media	https://www.amazon.jobs/en/jobs/10466144/senior-ml-software-engineer-data-plane	da1126e73aa405e33d2342865fe944949ba8ebdabd353fb7824c8645f6574ba9
2026-09-16T15:57:53Z	10468540	87a3175e-2127-4e5b-b14e-e2d5a3c879c4	Associate Delivery Consultant – AIML, A2C ProServe Shared Delivery (SDT)	US, VA, Arlington	Arlington	VA	USA	July 8, 2026		Software Development	aws	label=team-pro-serv		not_identified	basic_qualifications	none	machine_learning,distributed_systems,cloud_infrastructure,networking,database_search,security_identity,application_backend	https://www.amazon.jobs/en/jobs/10468540/associate-delivery-consultant-aiml-a2c-proserve-shared-delivery-sdt	d4bf6ef4ed8f76317714a02ed9728f6e0cd94bc5056acce5a4fee94f6c056136
2026-09-16T15:57:53Z	10468541	9aa69e1a-6ff8-4cd3-9d5d-ac4da909a1d0	Assoc Delivery Cons, AI/ML, A2C ProServe Shared Delivery	US, NJ, Jersey City	Jersey City	NJ	USA	July 8, 2026		Software Development	aws	label=team-pro-serv		not_identified	basic_qualifications	none	machine_learning,distributed_systems,cloud_infrastructure,networking,database_search,security_identity,application_backend	https://www.amazon.jobs/en/jobs/10468541/assoc-delivery-cons-ai-ml-a2c-proserve-shared-delivery	385031782ae347f0987ce13d282722c05c84c37e8c267e9b870208165c9be85f
2026-09-16T15:57:53Z	10468627	bd511ba0-1d22-41c7-8e6b-867331578e2c	Associate Delivery Consultant – AIML, A2C ProServe Shared Delivery (SDT)	US, VA, Arlington	Arlington	VA	USA	July 8, 2026		Software Development	aws	label=team-pro-serv		not_identified	basic_qualifications	none	machine_learning,distributed_systems,cloud_infrastructure,networking,database_search,application_backend	https://www.amazon.jobs/en/jobs/10468627/associate-delivery-consultant-aiml-a2c-proserve-shared-delivery-sdt	e74ec4e059ee514c711cca450ae478d8461c6f34e889076026ea3b395a1cc0c4
2026-09-16T15:57:53Z	10468628	bcb06863-7ad6-485d-8342-cc85b7f56463	Associate Delivery Consultant – AIML, A2C ProServe Shared Delivery (SDT)	US, VA, Arlington	Arlington	VA	USA	July 8, 2026		Software Development	aws	label=team-pro-serv		not_identified	basic_qualifications	none	machine_learning,distributed_systems,cloud_infrastructure,networking,database_search,security_identity,application_backend	https://www.amazon.jobs/en/jobs/10468628/associate-delivery-consultant-aiml-a2c-proserve-shared-delivery-sdt	652423297e6bc501f4d55d2751185e8c86f3747dc7e616d5079f60bf2f14b392
2026-09-16T15:57:53Z	10469286	674118dd-3515-435e-82d3-5c515138e7f7	Associate Delivery Consultant – AIML, A2C ProServe Shared Delivery (SDT)	US, VA, Arlington	Arlington	VA	USA	July 8, 2026		Software Development	aws	label=team-pro-serv		not_identified	basic_qualifications	none	machine_learning,distributed_systems,cloud_infrastructure,networking,database_search,security_identity,application_backend	https://www.amazon.jobs/en/jobs/10469286/associate-delivery-consultant-aiml-a2c-proserve-shared-delivery-sdt	88bdcf5042f3eea45b4cebdd79201e4a33e844436b78f2265174fbc72c91e6f7
2026-09-16T15:57:53Z	10469288	4717200c-7657-42f8-89d6-33a35e708fb9	Associate Delivery Consultant – AIML, ProServe A2C Delivery , Proserve A2C	US, VA, Arlington	Arlington	VA	USA	July 8, 2026		Software Development	aws	label=team-pro-serv		not_identified	basic_qualifications	none	machine_learning,distributed_systems,cloud_infrastructure,networking,database_search,application_backend	https://www.amazon.jobs/en/jobs/10469288/associate-delivery-consultant-aiml-proserve-a2c-delivery-proserve-a2c	7aa224d37c4c4b189db8ed52d2ceef9a39b91cfd3d74baeaf027eb906849d809
2026-09-16T15:57:53Z	10469289	68c5a861-8721-4083-97ee-abcfbf2ccf95	Associate Delivery Consultant – AIML, ProServe A2C Delivery , Proserve A2C	US, VA, Arlington	Arlington	VA	USA	July 8, 2026		Software Development	aws	label=team-pro-serv		not_identified	basic_qualifications	none	machine_learning,cloud_infrastructure,networking,database_search,application_backend	https://www.amazon.jobs/en/jobs/10469289/associate-delivery-consultant-aiml-proserve-a2c-delivery-proserve-a2c	b7928037444e49633cde10073109205b831bdef7d21adf865daf1450d629c7f6
2026-09-16T15:57:53Z	10471855	bbc0d7d1-7aa8-456b-abb6-cece4404ced5	Associate Delivery Consultant – AIML, A2C ProServe Shared Delivery (SDT)	US, VA, Arlington	Arlington	VA	USA	July 12, 2026		Software Development	aws	label=team-pro-serv		not_identified	basic_qualifications	none	machine_learning,distributed_systems,cloud_infrastructure,networking,database_search,security_identity,application_backend	https://www.amazon.jobs/en/jobs/10471855/associate-delivery-consultant-aiml-a2c-proserve-shared-delivery-sdt	1a78bebda1be3162005c45ecb48e739380267a58e16a1a3e1e6efde404ebe67d
2026-09-16T15:57:53Z	10471856	1e9684b4-fff9-4318-b3a7-d2a8ac3e064d	Associate Delivery Consultant – AIML, A2C ProServe Shared Delivery (SDT)	US, VA, Arlington	Arlington	VA	USA	July 12, 2026		Software Development	aws	label=team-pro-serv		not_identified	basic_qualifications	none	machine_learning,distributed_systems,cloud_infrastructure,networking,database_search,security_identity,application_backend	https://www.amazon.jobs/en/jobs/10471856/associate-delivery-consultant-aiml-a2c-proserve-shared-delivery-sdt	ef3713da346046c03a4e6a7d643fe62e7c496a7ef67482b8958e192d145030f4
2026-09-16T15:57:53Z	10471857	f82cea83-5389-40df-8724-ca4e9eed2e25	Associate Delivery Consultant – AIML, A2C ProServe Shared Delivery (SDT)	US, VA, Arlington	Arlington	VA	USA	July 12, 2026		Software Development	aws	label=team-pro-serv		not_identified	basic_qualifications	none	machine_learning,distributed_systems,cloud_infrastructure,networking,database_search,security_identity,application_backend	https://www.amazon.jobs/en/jobs/10471857/associate-delivery-consultant-aiml-a2c-proserve-shared-delivery-sdt	b1ce8bc74cca193953d4b5e135b0e07df31b5c2a747539955f58be066bfdcb84
2026-09-16T15:57:53Z	10471858	0d146e86-aa6d-4253-82d0-b18dd3b5261b	Associate Delivery Consultant – AIML, A2C ProServe Shared Delivery (SDT)	US, VA, Arlington	Arlington	VA	USA	July 12, 2026		Software Development	aws	label=team-pro-serv		not_identified	basic_qualifications	none	machine_learning,distributed_systems,cloud_infrastructure,networking,database_search,security_identity,application_backend	https://www.amazon.jobs/en/jobs/10471858/associate-delivery-consultant-aiml-a2c-proserve-shared-delivery-sdt	9a22fd84c503b1662dd7c11483a76f3ba446b782b74f2a228b26085fb91fddf6
2026-09-16T15:57:53Z	10471861	680d6b87-e70e-4c18-9e6c-81685ab7b1ee	Associate Delivery Consultant - AIML, Professional Services A2C Delivery	US, MD, Jessup	Jessup	MD	USA	July 12, 2026		Software Development	aws	label=team-pro-serv		not_identified	basic_qualifications	none	machine_learning,distributed_systems,cloud_infrastructure,networking,database_search,security_identity,application_backend	https://www.amazon.jobs/en/jobs/10471861/associate-delivery-consultant-aiml-professional-services-a2c-delivery	0f5591304725440297fcf0e9ba6007e532500180baf949c3597e7658a29aae94
2026-09-16T15:57:53Z	10473725	d6a351e5-6f34-40da-a657-3efab4be927b	Associate Delivery Consultant – AIML, A2C ProServe Shared Delivery (SDT)	US, VA, Arlington	Arlington	VA	USA	July 14, 2026		Software Development	aws	label=team-pro-serv		not_identified	basic_qualifications	none	machine_learning,distributed_systems,cloud_infrastructure,networking,database_search,security_identity,application_backend	https://www.amazon.jobs/en/jobs/10473725/associate-delivery-consultant-aiml-a2c-proserve-shared-delivery-sdt	2434e37c5bc9e53cffebd59e6b8ca214d0529cbc095080bc67cf0dd46c681204
2026-09-16T15:57:53Z	10479630	5c008262-f10a-4ad4-b535-0e112db41b20	Software Development Engineer , Annapurna ML	US, TX, Austin	Austin	TX	USA	July 21, 2026		Software Development	aws	label=team-aws-cloud-management		not_identified	preferred_only	none	machine_learning,cloud_infrastructure	https://www.amazon.jobs/en/jobs/10479630/software-development-engineer-annapurna-ml	e9c3d91a8f13d564dc51e9ad88f868ccc022102782518e2f81e6e5ac7a0b71c7
2026-09-16T15:57:53Z	10480867	bce193ac-c1ab-42de-aa25-ff918d34d18b	Sr. Software Development Engineer – AI/ML Networking Disaggregated Inference, Annapurna Labs, Annapurna Labs	US, CA, Cupertino	Cupertino	CA	USA	July 21, 2026		Software Development	aws	label=team-sde-primary		not_identified	preferred_only	none	machine_learning,cloud_infrastructure,networking,embedded_systems	https://www.amazon.jobs/en/jobs/10480867/sr-software-development-engineer-ai-ml-networking-disaggregated-inference-annapurna-labs-annapurna-labs	8594768efbaafe0bafddb0810cc5a4570f9f387027cafee9fe8d1139610dc377
2026-09-16T15:57:53Z	10481057	5cd1c305-6859-4bc6-9eaa-78377e636232	Software Development Engineer - CV Test Infrastructure, Annapurna ML, CV Test Infrastructure	US, TX, Austin	Austin	TX	USA	July 22, 2026		Software Development	aws	label=team-sde-primary		not_identified	basic_qualifications	none	cloud_infrastructure,database_search,embedded_systems,frontend_mobile,operations_observability	https://www.amazon.jobs/en/jobs/10481057/software-development-engineer-cv-test-infrastructure-annapurna-ml-cv-test-infrastructure	b5bbe7ac20510d7524e19d570412e4885b4f86f967853bc17e7b21fcaedf75f1
2026-09-16T15:57:53Z	10484052	37267350-4a69-4b00-9cdc-a03b6857b5de	Software Development Engineer – AI/ML Networking Disaggregated Inference, Annapurna Labs , Elastic Collectives	US, CA, Cupertino	Cupertino	CA	USA	July 25, 2026		Software Development	aws	label=team-machine-learning-primary		not_identified	preferred_only	none	machine_learning,cloud_infrastructure,networking,embedded_systems,graphics_media,application_backend	https://www.amazon.jobs/en/jobs/10484052/software-development-engineer-ai-ml-networking-disaggregated-inference-annapurna-labs-elastic-collectives	4ada196294bef512097cc49d0ef795dd81a44c7e42034ac5b778f7c15a94c4ef
2026-09-16T15:57:53Z	10486046	ef2fe2c2-2208-4dfa-b8a1-e4b533aa1464	SDE, MLA hardware/software co-design, Annapurna Labs Machine Learning Acceleration	US, TX, Austin	Austin	TX	USA	July 28, 2026		Software Development	aws	label=team-machine-learning-primary		not_identified	basic_qualifications	none	machine_learning,cloud_infrastructure,database_search,security_identity,embedded_systems,application_backend	https://www.amazon.jobs/en/jobs/10486046/sde-mla-hardware-software-co-design-annapurna-labs-machine-learning-acceleration	9247f95c0af4704ea95c0e28e7c22445d2e2979fe2e445b869d445785a437942
2026-09-16T15:57:53Z	10486419	c594caf1-811e-4460-98ac-679652c35532	Machine Learning Engineer, Amazon Music - Catalog Quality	IN, KA, Bengaluru	Bengaluru	KA	IND	July 28, 2026		Software Development	entertainment	label=team-music		not_identified	preferred_only	none	machine_learning,cloud_infrastructure,database_search,graphics_media,operations_observability	https://www.amazon.jobs/en/jobs/10486419/machine-learning-engineer-amazon-music-catalog-quality	e82496d847635f52f7b6b177d1b446fd5604f8083ff0c8029047aaad018f6d3d
2026-09-16T15:57:53Z	10486421	712e011c-5fb7-4f11-b79f-8615e7f791d2	Machine Learning Engineer, Amazon Music - Catalog Quality	IN, KA, Bengaluru	Bengaluru	KA	IND	July 28, 2026		Software Development	entertainment	label=team-music		not_identified	preferred_only	none	machine_learning,cloud_infrastructure,frontend_mobile,graphics_media,operations_observability	https://www.amazon.jobs/en/jobs/10486421/machine-learning-engineer-amazon-music-catalog-quality	5651f847593767084fed7b046ed64f1bb96fa814ae94d3958213aca49c8b4725
2026-09-16T15:57:53Z	10487278	e449be71-1639-4ce7-a154-e5ca024ef31d	Sr. Software Development Engineer AI/ML, Inference Model Enablement, AWS Neuron	US, CA, Cupertino	Cupertino	CA	USA	July 29, 2026		Software Development	aws	label=team-sde-primary		not_identified	preferred_only	mention_only	compiler_mention,machine_learning,cloud_infrastructure	https://www.amazon.jobs/en/jobs/10487278/sr-software-development-engineer-ai-ml-inference-model-enablement-aws-neuron	a7ed5a8505698cb896af4a4459949273b0313ce87594096d3c3431400440e37c
2026-09-16T15:57:53Z	10488707	0e6e89bf-3a67-429e-a405-4a081b6afccf	Software Development Engineer, ML Systems, Annapurna Labs	US, NY, New York	New York	NY	USA	July 30, 2026		Software Development	aws	label=team-machine-learning-primary		not_identified	not_stated	mention_only	compiler_mention,machine_learning,distributed_systems,cloud_infrastructure,networking,security_identity,embedded_systems,application_backend	https://www.amazon.jobs/en/jobs/10488707/software-development-engineer-ml-systems-annapurna-labs	12c6e9f76ef7af465efeb66b4d4bcdbacdf8e77bbe2861740b36d259f7e4c354
2026-09-16T15:57:53Z	10488925	8fc0df4b-b861-4677-aad8-779696db375c	Lead Software Engineer, ML Network Stack - Annapurna Labs	US, CA, Cupertino	Cupertino	CA	USA	July 31, 2026		Software Development	aws	label=team-sde-primary		not_identified	preferred_only	none	cloud_infrastructure,networking,embedded_systems	https://www.amazon.jobs/en/jobs/10488925/lead-software-engineer-ml-network-stack-annapurna-labs	58ee5ed561dae70372588ca323ea6750cabb619c0b8ab6c317b3ddcbe00c9e65
2026-09-16T15:57:53Z	10490741	d00ef73d-13ee-4e4d-ab3d-faf03fc51d76	Software Development Engineer I – AI/ML Network Infrastructure, Annapurna Labs	US, CA, Cupertino	Cupertino	CA	USA	August 3, 2026		Software Development	amazon-artificial-general-intelligence	label=no-team-listed		not_identified	basic_qualifications	none	machine_learning,distributed_systems,cloud_infrastructure,networking,embedded_systems,graphics_media	https://www.amazon.jobs/en/jobs/10490741/software-development-engineer-i-ai-ml-network-infrastructure-annapurna-labs	68da957e1e8b5830d15001083f1f617e5b7f3a22d4cec12401128af44b9787fd
2026-09-16T15:57:53Z	10491191	d1ab328f-0fc4-4247-ab5e-685c36a42c1f	ML Software Engineer, Data Plane	US, CA, Cupertino	Cupertino	CA	USA	August 4, 2026		Software Development	aws	label=team-sde-primary		not_identified	basic_qualifications	mention_only	compiler_mention,machine_learning,distributed_systems,cloud_infrastructure,networking,embedded_systems,graphics_media	https://www.amazon.jobs/en/jobs/10491191/ml-software-engineer-data-plane	ac5e94cabe9cbdbe8d4e578148cc8c87711fdaf612df96011020e8c73db1f733
2026-09-16T15:57:53Z	10491192	287de850-c5a4-444d-b6bf-2a9f27b67adf	Senior ML Software Engineer, Data Plane	US, CA, Cupertino	Cupertino	CA	USA	August 4, 2026		Software Development	aws	label=team-sde-primary		not_identified	basic_qualifications	mention_only	compiler_mention,machine_learning,distributed_systems,cloud_infrastructure,networking,embedded_systems,graphics_media	https://www.amazon.jobs/en/jobs/10491192/senior-ml-software-engineer-data-plane	0bb4618f0bc8ccb503f6020aff5cf5aea116e4cbdcfb1355be6f234afb0b0588
2026-09-16T15:57:53Z	10492278	ab74723a-232d-41af-9336-1605373f7933	Sr. Manager, Software Development, ML Network Stack - Annapurna Labs	US, WA, Seattle	Seattle	WA	USA	August 4, 2026		Software Development	aws	label=team-aws-sdm		title_inferred	not_stated	none	cloud_infrastructure,networking	https://www.amazon.jobs/en/jobs/10492278/sr-manager-software-development-ml-network-stack-annapurna-labs	29f3a85eb28f48004bd625d951470a61ad96fd7d28013c9cf0d277d06842ff89
2026-09-16T15:57:53Z	10493068	e0b196ba-55fd-472f-854e-31f1df386473	Sr. SDE, MLA hardware/software co-design, Annapurna Labs Machine Learning Acceleration	US, TX, Austin	Austin	TX	USA	August 5, 2026		Software Development	aws	label=team-machine-learning-primary		not_identified	preferred_only	none	machine_learning,cloud_infrastructure,database_search,security_identity,embedded_systems,application_backend	https://www.amazon.jobs/en/jobs/10493068/sr-sde-mla-hardware-software-co-design-annapurna-labs-machine-learning-acceleration	87e4a8ec99299ecafd770f3515cc5da2873e4e947e40046d42f3cd07b3b1212e
2026-09-16T15:57:53Z	10495388	a0f3872c-d654-4836-a42b-56e557aed429	Lead SDE C/C++ Hardware/Software Co-Design, Machine Learning Acceleration Systems	US, CA, Cupertino	Cupertino	CA	USA	August 6, 2026		Software Development	aws	label=team-sde-primary		not_identified	preferred_only	none	machine_learning,cloud_infrastructure,networking,embedded_systems,application_backend	https://www.amazon.jobs/en/jobs/10495388/lead-sde-c-c-hardware-software-co-design-machine-learning-acceleration-systems	ae55857c22acc2ec4267c9afc98aeb15cafcb9aaabb9f7412987425a544c5c38
2026-09-16T15:57:53Z	10495482	ef43663e-f1d9-4698-82a6-81ed1eb2a5a6	Manager, Software Development, ML Network Stack - Annapurna Labs	US, WA, Seattle	Seattle	WA	USA	August 7, 2026		Software Development	aws	label=team-aws-sdm		title_inferred	not_stated	none	distributed_systems,cloud_infrastructure,networking,application_backend,operations_observability	https://www.amazon.jobs/en/jobs/10495482/manager-software-development-ml-network-stack-annapurna-labs	1eeb306a5105fafe87097bfed213779b35804b65430eaa4402b7a6a268459d86
2026-09-16T15:57:53Z	10495487	b5f41933-48be-4d8b-acfb-a816b144191e	ML Software Engineer, Data Plane	IL, Tel Aviv	Tel Aviv		ISR	August 7, 2026		Software Development	aws	label=team-sde-primary		not_identified	basic_qualifications	mention_only	compiler_mention,machine_learning,distributed_systems,cloud_infrastructure,networking,embedded_systems,graphics_media	https://www.amazon.jobs/en/jobs/10495487/ml-software-engineer-data-plane	b51198b2723bac7d8c073cf93ef0bcc9dc5db97743d85651cc6c46123ed05648
2026-09-16T15:57:53Z	10495910	d4baa46d-45aa-4e56-a4aa-b199a492fb8e	Assoc Delivery Cons, AI/ML, A2C ProServe Shared Delivery	US, VA, Arlington	Arlington	VA	USA	August 7, 2026		Software Development	aws	label=team-pro-serv		not_identified	basic_qualifications	none	machine_learning,distributed_systems,cloud_infrastructure,networking,database_search,security_identity,application_backend	https://www.amazon.jobs/en/jobs/10495910/assoc-delivery-cons-ai-ml-a2c-proserve-shared-delivery	189685af7136cff91f9da5709e57e4ff2ba0f879bc05d029422479ffa5b6fe2b
2026-09-16T15:57:53Z	10496175	07956e56-aef7-4b01-8e5f-3260bac91dc4	SDM, ML Data Infra, Amazon Traffic Engineering	CA, BC, Vancouver	Vancouver	BC	CAN	August 7, 2026		Software Development	ecp	label=team-traffic-engineering		title_inferred	not_stated	none	distributed_systems,cloud_infrastructure,networking,database_search,security_identity,graphics_media,application_backend,operations_observability	https://www.amazon.jobs/en/jobs/10496175/sdm-ml-data-infra-amazon-traffic-engineering	187595519676e48c1b07d87ac5df29121ebfec4e0e37b493f55f77310c97b20f
2026-09-16T15:57:53Z	10496432	5e9e0b06-66be-4490-aea5-1b3d48ebfada	Software Development Engineer, AI/ML, AWS Neuron, Model Inference	US, CA, Cupertino	Cupertino	CA	USA	August 7, 2026		Software Development	aws	label=team-machine-learning-primary		not_identified	basic_qualifications	mention_only	compiler_mention,machine_learning,distributed_systems,cloud_infrastructure,embedded_systems,application_backend	https://www.amazon.jobs/en/jobs/10496432/software-development-engineer-ai-ml-aws-neuron-model-inference	c4f6ec61cd79c76c03b778033c37364859b3c6051808e913d42ca7675bd212b8
2026-09-16T15:57:53Z	10497224	9093c5d0-9569-4f80-b6b8-b7217016800f	Sr. Software Engineer- AI/ML, AWS Neuron Distributed Training	US, CA, Cupertino	Cupertino	CA	USA	August 10, 2026		Software Development	aws	label=team-sde-primary		not_identified	basic_qualifications	mention_only	compiler_mention,machine_learning,distributed_systems,cloud_infrastructure,database_search,application_backend	https://www.amazon.jobs/en/jobs/10497224/sr-software-engineer-ai-ml-aws-neuron-distributed-training	a043667941b4ef44111b3cc469cfa23d396154d967f96c12cddcf3037c9baf76
2026-09-16T15:57:53Z	10498879	869e2149-2a30-4b43-bdbb-e0d560094ef9	Software Engineering Manager, ML Kernel Performance, AWS Neuron, Annapurna Labs	CA, ON, Toronto	Toronto	ON	CAN	August 11, 2026		Software Development	aws	label=team-sde-primary		title_inferred	not_stated	mention_only	compiler_mention,machine_learning,distributed_systems,cloud_infrastructure,networking,embedded_systems,application_backend,operations_observability	https://www.amazon.jobs/en/jobs/10498879/software-engineering-manager-ml-kernel-performance-aws-neuron-annapurna-labs	89d599f87f008a4603a73112e3c4436797240565d93af4f20a9f6008de677662
2026-09-16T15:57:53Z	10500974	eeff36a8-d775-4550-b819-77ac256cbbd2	ASIC Design Engineer, Cloud-Scale Machine Learning Acceleration team - Annapurna Labs	US, CA, Cupertino	Cupertino	CA	USA	August 13, 2026		Software Development	aws	label=team-sde-primary		not_identified	basic_qualifications	none	machine_learning,cloud_infrastructure,application_backend	https://www.amazon.jobs/en/jobs/10500974/asic-design-engineer-cloud-scale-machine-learning-acceleration-team-annapurna-labs	f79addefb07c93a293fd966e7983d31129f5812141e8e780bbf3cdada1c3b3e9
2026-09-16T15:57:53Z	10500976	76379cc7-ef7d-4498-8e50-092de6f80a9e	SDE, MLA hardware/software co-design, Annapurna Labs Machine Learning Acceleration	US, TX, Austin	Austin	TX	USA	August 13, 2026		Software Development	aws	label=team-machine-learning-primary		not_identified	preferred_only	none	machine_learning,cloud_infrastructure,database_search,security_identity,embedded_systems	https://www.amazon.jobs/en/jobs/10500976/sde-mla-hardware-software-co-design-annapurna-labs-machine-learning-acceleration	5e633b35b372ae1ed373555bdd543ab4ec58f9757b711ef33211cd4559ba3186
2026-09-16T15:57:53Z	10501454	d005f659-52c0-4208-a0ac-2948bd83edd2	Software Engineer- AI/ML, Amazon Neuron Training	US, WA, Seattle	Seattle	WA	USA	August 13, 2026		Software Development	aws	label=team-sde-primary		not_identified	preferred_only	mention_only	compiler_mention,machine_learning,distributed_systems,cloud_infrastructure,application_backend	https://www.amazon.jobs/en/jobs/10501454/software-engineer-ai-ml-amazon-neuron-training	128237fa52d9ff13e9338f6499a440bec088d059a18f09d21e6d6c6ea6324ccf
2026-09-16T15:57:53Z	10503587	03ef884d-6f8c-4d89-bca7-d71273d8433d	Senior Machine Learning Engineer, Neuro-Symbolic AI Labs	US, MA, Boston	Boston	MA	USA	August 17, 2026		Software Development	aws	label=team-machine-learning-primary		not_identified	preferred_only	none	machine_learning	https://www.amazon.jobs/en/jobs/10503587/senior-machine-learning-engineer-neuro-symbolic-ai-labs	8ca32d55167ccd2642a7b12c5c6692a6ebfd1ebca3dd8f22a8510cb4c935c893
2026-09-16T15:57:53Z	10505474	0253300b-5a6f-485a-9a0c-2ce0fcfd5086	Senior Software Development Engineer, AI/ML, AWS Neuron, Model Inference	US, CA, Cupertino	Cupertino	CA	USA	August 18, 2026		Software Development	aws	label=team-machine-learning-primary		not_identified	basic_qualifications	mention_only	compiler_mention,machine_learning,distributed_systems,cloud_infrastructure,embedded_systems	https://www.amazon.jobs/en/jobs/10505474/senior-software-development-engineer-ai-ml-aws-neuron-model-inference	f237eb07a05fe052f908439574e0fa7cc3a51000a68a2cf1430a8fa6d5b231ba
2026-09-16T15:57:53Z	10506889	e0928ab2-7068-401b-af1b-466c3e8314af	Software Development Student , Machine Learning Israel (MLIL) — Integration Validation	IL, Tel Aviv	Tel Aviv		ISR	August 19, 2026		Software Development	aws	label=team-sde-primary		not_identified	not_stated	mention_only	compiler_mention,machine_learning,cloud_infrastructure,embedded_systems,operations_observability	https://www.amazon.jobs/en/jobs/10506889/software-development-student-machine-learning-israel-mlil-integration-validation	6fd13158cdec48030b434f9a72481717be2da90ef782d4e0dfbbce49ebc34451
2026-09-16T15:57:53Z	10507546	0cb7f810-8f08-4b01-8039-17c3952fc223	Sr. Manager - Static Timing Analysis, Annapurna Labs, Cloud Scale Machine Learning	US, CA, Cupertino	Cupertino	CA	USA	August 20, 2026		Software Development	aws	label=team-sde-primary		title_inferred	basic_qualifications	none	machine_learning,cloud_infrastructure,networking,database_search,security_identity,embedded_systems	https://www.amazon.jobs/en/jobs/10507546/sr-manager-static-timing-analysis-annapurna-labs-cloud-scale-machine-learning	8890de7ebfb11b2bd2759b85acae3438de34cc0e2ec697e9d8f0ec45e57316da
2026-09-16T15:57:53Z	10510880	273d9cc4-c833-47cc-a607-fe63984ebf6a	Machine Learning Engineer, Amazon Music - Catalog Quality	IN, KA, Bengaluru	Bengaluru	KA	IND	August 21, 2026		Software Development	entertainment	label=team-music		not_identified	preferred_only	none	machine_learning,cloud_infrastructure,database_search,graphics_media,operations_observability	https://www.amazon.jobs/en/jobs/10510880/machine-learning-engineer-amazon-music-catalog-quality	c4fc894bf320127b704c513bbb2312ee207723d0de57cd7a36aad813a439b74c
2026-09-16T15:57:53Z	10512060	a172245b-c71d-4c8b-bfcc-a1b4aaf4ca1e	Senior ML Performance Engineer, Annapurna Labs	IL, Tel Aviv	Tel Aviv		ISR	August 24, 2026		Software Development	aws	label=team-sde-primary		not_identified	basic_qualifications	mention_only	compiler_mention,machine_learning,cloud_infrastructure,security_identity,embedded_systems,application_backend	https://www.amazon.jobs/en/jobs/10512060/senior-ml-performance-engineer-annapurna-labs	0113974e35a3676ebd8d48e52411bad1d64d438726c772501072548829f493d3
2026-09-16T15:57:53Z	10513313	547f96d3-d2a3-4f8c-a45a-f55071b749ef	Software Development Engineer II (ML), CMT	IN, TN, Chennai	Chennai	TN	IND	August 25, 2026		Software Development	no-business-category	label=no-team-listed		not_identified	basic_qualifications	none	machine_learning,distributed_systems,cloud_infrastructure,database_search,security_identity,application_backend,operations_observability	https://www.amazon.jobs/en/jobs/10513313/software-development-engineer-ii-ml-cmt	5ea84d504770fd3eb96db34f53eb98ec7800f84b7e18414859986d0a291a01a5
2026-09-16T15:57:53Z	10515931	04fd529b-d0df-4bb2-8d86-5442d50ba3e9	Sr. Software Engineer- AI/ML, AWS Neuron Distributed Training	US, CA, Cupertino	Cupertino	CA	USA	August 26, 2026		Software Development	aws	label=team-sde-primary		not_identified	basic_qualifications	mention_only	compiler_mention,machine_learning,cloud_infrastructure,database_search,application_backend	https://www.amazon.jobs/en/jobs/10515931/sr-software-engineer-ai-ml-aws-neuron-distributed-training	903ae8788d83bf3b8ffab347ae414b99674e2f64011fe715b38fa75e8f924ce2
2026-09-16T15:57:53Z	10517842	78b57e05-1519-49d8-9b99-879500d35b74	Sr. MLE, Prime Video ML Platform	US, WA, Seattle	Seattle	WA	USA	August 28, 2026		Software Development	entertainment	label=team-primevideo		not_identified	preferred_only	none	machine_learning,distributed_systems,cloud_infrastructure	https://www.amazon.jobs/en/jobs/10517842/sr-mle-prime-video-ml-platform	e5b57b6c0db4df1f99ae6b0a2c5c0858f9076ab1cefd7028a36b25e98583cd10
2026-09-16T15:57:53Z	10521270	13f0b94d-b0c9-4193-85a6-3284777858b8	Software Development Engineer (AWS ML), Machine Learning Israel (MLIL) — FLOW sub-team (Fleet Lifecycle & Operational Workflows)	IL, Tel Aviv	Tel Aviv		ISR	August 30, 2026		Software Development	aws	label=team-sde-primary		not_identified	basic_qualifications	none	machine_learning,cloud_infrastructure,embedded_systems,operations_observability	https://www.amazon.jobs/en/jobs/10521270/software-development-engineer-aws-ml-machine-learning-israel-mlil-flow-sub-team-fleet-lifecycle-operational-workflows	f49a4019417cc23a1ec7774edaab6418ff62ec1b4d278f77f88450f5e8ed54ba
2026-09-16T15:57:53Z	10521497	77bf4f0b-e6b0-4450-b8cc-98ce7dd14572	Software Development Engineer, ML Symphony	US, CA, Santa Clara	Santa Clara	CA	USA	August 31, 2026		Software Development	aws	label=team-sde-primary		not_identified	preferred_only	none	machine_learning,cloud_infrastructure,networking,database_search,security_identity,application_backend	https://www.amazon.jobs/en/jobs/10521497/software-development-engineer-ml-symphony	12d15f0cc3e21ebb668b1d75da528206b39505e02959fd12ecd685bebd832e0e
2026-09-16T15:57:53Z	10521977	bd2a4190-50e6-4288-a884-55746a2b9937	AI/ML Engineer, Hiring Intelligence, Science & Experimentation (HIRISE)	US, VA, Arlington	Arlington	VA	USA	August 31, 2026		Software Development	pxt	label=no-sub-team-listed		not_identified	preferred_only	none	machine_learning	https://www.amazon.jobs/en/jobs/10521977/ai-ml-engineer-hiring-intelligence-science-experimentation-hirise	975b28e22d6f2eeec0332bbf0dcd82c06e4087fd92b11f89ef3514329abdaa26
2026-09-16T15:57:53Z	10522799	8c36b796-ef18-4b08-937e-012953367568	Software Engineer II - AI/ML, AWS Neuron	US, WA, Seattle	Seattle	WA	USA	August 31, 2026		Software Development	aws	label=team-machine-learning-primary		not_identified	basic_qualifications	mention_only	compiler_mention,machine_learning,distributed_systems,cloud_infrastructure,embedded_systems	https://www.amazon.jobs/en/jobs/10522799/software-engineer-ii-ai-ml-aws-neuron	95ad7ca65c9fa9f362f074b8c1bed8bdeb23efa76d8c10fa2dbf1a4fd6462572
2026-09-16T15:57:53Z	10523909	0cc64a56-43db-41d4-9f94-f901ae059fc9	ML Kernel Performance Engineer, AWS Neuron, Annapurna Labs	US, CA, Cupertino	Cupertino	CA	USA	September 1, 2026		Software Development	aws	label=team-sde-primary		not_identified	preferred_only	mention_only	compiler_mention,machine_learning,cloud_infrastructure,embedded_systems,application_backend	https://www.amazon.jobs/en/jobs/10523909/ml-kernel-performance-engineer-aws-neuron-annapurna-labs	4a378569f3a478fefd7944e99f124f8a64eaf3f3a0e23b94d7335dd403c10a0c
2026-09-16T15:57:53Z	10523913	75d5aba8-582d-475a-9c98-67fffdc89103	Sr. ML Kernel Performance Engineer, AWS Neuron, Annapurna Labs	US, CA, Cupertino	Cupertino	CA	USA	September 1, 2026		Software Development	aws	label=team-sde-primary		not_identified	preferred_only	mention_only	compiler_mention,machine_learning,cloud_infrastructure,embedded_systems,graphics_media,application_backend	https://www.amazon.jobs/en/jobs/10523913/sr-ml-kernel-performance-engineer-aws-neuron-annapurna-labs	cd7834090b77998a09ce1d02ea0ab0007a61e8d6f4de83500e43e8363c2e4d89
2026-09-16T15:57:53Z	10524045	48ccddac-6d30-4f63-a675-0df46cbb00a6	Software Development Engineer - GenAI/ML, Amazon Selection and Catalog Systems (ASCS)	US, WA, Seattle	Seattle	WA	USA	September 1, 2026		Software Development	ecp	label=team-ascs		not_identified	preferred_only	none	machine_learning,distributed_systems,cloud_infrastructure,database_search,security_identity,graphics_media	https://www.amazon.jobs/en/jobs/10524045/software-development-engineer-genai-ml-amazon-selection-and-catalog-systems-ascs	6ddd315a3f657bfd72ad80459b09b59d08b84c5df5e034252b61a820ca76f39c
2026-09-16T15:57:53Z	10524364	95ba2a45-2766-4e7e-ab77-1e0ec6e2ef38	DFT Design Engineer, Machine Learning Acceleration	US, TX, Austin	Austin	TX	USA	September 1, 2026		Software Development	aws	label=team-machine-learning-primary		not_identified	basic_qualifications	none	machine_learning,cloud_infrastructure	https://www.amazon.jobs/en/jobs/10524364/dft-design-engineer-machine-learning-acceleration	7b196a118c799f44e29251825f75a42e7e470f9c4e3a3490461483b952cc6aab
2026-09-16T15:57:53Z	10524365	ad9cf8a0-df93-452c-897d-6a62efc98685	ASIC Design Engineer II, Annapurna Labs - Cloud-Scale Machine Learning Acceleration	US, TX, Austin	Austin	TX	USA	September 1, 2026		Software Development	aws	label=team-sde-primary		not_identified	basic_qualifications	none	machine_learning,cloud_infrastructure,application_backend	https://www.amazon.jobs/en/jobs/10524365/asic-design-engineer-ii-annapurna-labs-cloud-scale-machine-learning-acceleration	d23f0390492c1df5801b4c3bd00a7a97ae94a73b12a8920fa25c8ffa55fa7897
2026-09-16T15:57:53Z	10524369	fedeeafc-2ea6-413b-ad09-6ab24bbdf21b	ASIC Design Engineer II, Annapurna Labs - Cloud-Scale Machine Learning Acceleration	US, TX, Austin	Austin	TX	USA	September 1, 2026		Software Development	aws	label=team-sde-primary		not_identified	basic_qualifications	none	machine_learning,cloud_infrastructure,application_backend	https://www.amazon.jobs/en/jobs/10524369/asic-design-engineer-ii-annapurna-labs-cloud-scale-machine-learning-acceleration	6e67d3874b4b08bce36a8c1d487437294f95aafae94b6bf609ccfdb437082b6d
2026-09-16T15:57:53Z	10526701	5e17e65c-f66a-4745-b797-17585f31e89a	Senior ML Kernel Performance Engineer	CA, ON, Toronto	Toronto	ON	CAN	September 2, 2026		Software Development	aws	label=team-sde-primary		not_identified	preferred_only	mention_only	compiler_mention,machine_learning,cloud_infrastructure,embedded_systems,graphics_media,application_backend	https://www.amazon.jobs/en/jobs/10526701/senior-ml-kernel-performance-engineer	4091feb224e67620e22b9dacb3ab1f3d0139371f147e6ac9adfb718903a2451c
2026-09-16T15:57:53Z	10526702	295a7230-336e-42d5-9d97-4150d75680ec	ML Kernel Performance Engineer, AWS Neuron, Annapurna Labs	CA, ON, Toronto	Toronto	ON	CAN	September 2, 2026		Software Development	aws	label=team-sde-primary		not_identified	preferred_only	mention_only	compiler_mention,machine_learning,cloud_infrastructure,embedded_systems,application_backend	https://www.amazon.jobs/en/jobs/10526702/ml-kernel-performance-engineer-aws-neuron-annapurna-labs	dc571452534d3e77d3d4614b7694b34e3643ed44777633035359dcdc40bd64bb
2026-09-16T15:57:53Z	10528817	b8d4e2a2-5af7-4afc-92e7-e47e463256b2	Machine Learning - Compiler Engineer , AWS Neuron, Annapurna Labs	US, CA, Cupertino	Cupertino	CA	USA	September 3, 2026		Software Development	aws	label=team-machine-learning-primary		not_identified	preferred_only	core_candidate_title	compiler_mention,machine_learning,cloud_infrastructure,database_search,security_identity,graphics_media	https://www.amazon.jobs/en/jobs/10528817/machine-learning-compiler-engineer-aws-neuron-annapurna-labs	9298f791b180deec0513347d7a1013b1f2f3487737625a3f6113ac7ced945d2d
2026-09-16T15:57:53Z	10529275	62ca1e7d-2f9b-44a1-b2a9-dbb45fbf7b05	Sr. SDE, Edge AI ML Platform, Edge AI and Science	CA, BC, Vancouver	Vancouver	BC	CAN	September 3, 2026		Software Development	alexa-and-amazon-devices	label=amazon-device-software-and-services		not_identified	not_stated	mention_only	compiler_mention,machine_learning,distributed_systems,cloud_infrastructure,security_identity,embedded_systems,graphics_media,application_backend,operations_observability	https://www.amazon.jobs/en/jobs/10529275/sr-sde-edge-ai-ml-platform-edge-ai-and-science	367623a7e322175d2f56182852a53ead8aa6dfe66dce1e859a7ac4b038775745
2026-09-16T15:57:53Z	10530390	b3f42516-7d78-4f0a-b6d2-1be617788954	Senior Machine Learning Engineer, Alexa-Conv A Modeling&Learning	US, WA, Bellevue	Bellevue	WA	USA	September 4, 2026		Software Development	alexa-and-amazon-devices	label=devices-and-services-teams		not_identified	preferred_only	none	machine_learning,distributed_systems,cloud_infrastructure	https://www.amazon.jobs/en/jobs/10530390/senior-machine-learning-engineer-alexa-conv-a-modeling-learning	b69c6d6fd965bd05c26a922beb8ce02289a06278991055f38026b6ec51bf4de2
2026-09-16T15:57:53Z	10530731	40b4b2d0-ef1a-47cc-8f3e-7baf183af00b	Software Development Student , Machine Learning Israel (MLIL) — Firmware	IL, Tel Aviv	Tel Aviv		ISR	September 6, 2026		Software Development	aws	label=team-sde-primary		not_identified	basic_qualifications	mention_only	compiler_mention,machine_learning,cloud_infrastructure,embedded_systems,operations_observability	https://www.amazon.jobs/en/jobs/10530731/software-development-student-machine-learning-israel-mlil-firmware	b1a6e9a5164ea27de622f65f4653f05b2c7301683aacfe1fdab530fd1b277ee9
2026-09-16T15:57:53Z	10530734	9655d675-269b-4aa6-bdd3-00c6caeb5989	Sr. Machine Learning Engineer, Sponsored Products and Brands	US, WA, Seattle	Seattle	WA	USA	September 6, 2026		Software Development	advertising	label=team-amazon-ads		not_identified	preferred_only	none	machine_learning,cloud_infrastructure	https://www.amazon.jobs/en/jobs/10530734/sr-machine-learning-engineer-sponsored-products-and-brands	22dcf2295cec3231a6b73e80efa236a0b2f53004499393e95f0e6fa042cebc64
2026-09-16T15:57:53Z	10530854	fba8fa4b-f055-4047-a1d2-f47bba880dca	Sr. Software Engineer- AI/ML, AWS Neuron	US, WA, Seattle	Seattle	WA	USA	September 7, 2026		Software Development	aws	label=team-no-matching-primary-label-listed		not_identified	basic_qualifications	mention_only	compiler_mention,machine_learning,distributed_systems,cloud_infrastructure,graphics_media	https://www.amazon.jobs/en/jobs/10530854/sr-software-engineer-ai-ml-aws-neuron	9e2f3f98b371b532c72c1153cccb15636c50fb58cbbd84e2ea63dc10b50edf0d
2026-09-16T15:57:53Z	10532198	a4d0a565-caff-40c5-acb3-36a804b41684	Principal Machine Learning Engineer, Conversational AI Modeling and Learning	US, WA, Bellevue	Bellevue	WA	USA	September 8, 2026		Software Development	alexa-and-amazon-devices	label=team-alexa-echo-devices		not_identified	not_stated	none	machine_learning,distributed_systems,cloud_infrastructure	https://www.amazon.jobs/en/jobs/10532198/principal-machine-learning-engineer-conversational-ai-modeling-and-learning	7efc76a96922ac5da1b906632d0940850a92b171d4cb5636f79a506d6257d95c
2026-09-16T15:57:53Z	10532410	d301b5fb-218b-470d-b2a7-a5762f6ea9c3	Machine Learning Engineer, Amazon Ads Identity	US, CA, Palo Alto	Palo Alto	CA	USA	September 8, 2026		Software Development	advertising	label=team-amazon-ads		not_identified	basic_qualifications	none	machine_learning,distributed_systems,cloud_infrastructure,security_identity,embedded_systems	https://www.amazon.jobs/en/jobs/10532410/machine-learning-engineer-amazon-ads-identity	bc383e5072e5110b48e936c692ac26ef52cd0f27b98c903c09956d9667632f76
2026-09-16T15:57:53Z	10534458	72bfe6a1-2a46-4cd7-985e-9479c9768111	AI Hardware Systems Engineer, Annapurna Labs, Trainium Machine Learning Fleet Operations	US, TX, Austin	Austin	TX	USA	September 9, 2026		Software Development	aws	label=team-sde-primary		not_identified	basic_qualifications	none	machine_learning,cloud_infrastructure,networking,database_search,graphics_media,application_backend,operations_observability	https://www.amazon.jobs/en/jobs/10534458/ai-hardware-systems-engineer-annapurna-labs-trainium-machine-learning-fleet-operations	2c1be3442bfffbf6c5a25641e8e9fcd4d741d4cf877f521540dd3f05557ff59f
2026-09-16T15:57:53Z	10536015	67938499-d7d2-4473-a06b-1ee085d7bddd	Senior Software Engineer - AI/ML, AWS Neuron Inference	US, WA, Seattle	Seattle	WA	USA	September 10, 2026		Software Development	aws	label=team-no-matching-primary-label-listed		not_identified	preferred_only	mention_only	compiler_mention,machine_learning,cloud_infrastructure	https://www.amazon.jobs/en/jobs/10536015/senior-software-engineer-ai-ml-aws-neuron-inference	6c31deb5a5573fafbc4039953cf1e414117d9c147015b079af6afc3cfa2436d8
2026-09-16T15:57:53Z	10538066	3bf6731a-c458-4019-9705-b786a6cc8748	ML Systems Software Development Engineer Intern, Annapurna Labs - 2027	CA, ON, Toronto	Toronto	ON	CAN	September 11, 2026		Software Development	amazon-artificial-general-intelligence	label=no-team-listed		not_identified	basic_qualifications	mention_only	compiler_mention,machine_learning,cloud_infrastructure,embedded_systems,frontend_mobile,application_backend	https://www.amazon.jobs/en/jobs/10538066/ml-systems-software-development-engineer-intern-annapurna-labs-2027	e158b54456d1487541a51c9e914ca5745fc7d70f3d1cf1f91a78a0196085372c
2026-09-16T15:57:53Z	10538219	b4cd6692-d27c-480e-8b2b-93ba3965412f	CPLD/FPGA Firmware Engineer, Annapurna Labs, ML Accelerator Systems Firmware	US, TX, Austin	Austin	TX	USA	September 12, 2026		Software Development	aws	label=team-no-matching-primary-label-listed		not_identified	preferred_only	none	machine_learning,cloud_infrastructure,embedded_systems,application_backend	https://www.amazon.jobs/en/jobs/10538219/cpld-fpga-firmware-engineer-annapurna-labs-ml-accelerator-systems-firmware	ff9f724bf307a65a8ff424c71fbdf87f57d93ab5fa3a4e4f2a8a464c30edde0a
2026-09-16T15:57:53Z	10539293	5a99680d-d135-49fd-b7fe-b5392d7b36b8	Software Dev Engineer, Machine Learning Compilers, Edge AI Compiler and Runtime Team	CA, BC, Vancouver	Vancouver	BC	CAN	September 14, 2026		Software Development	alexa-and-amazon-devices	label=devices-and-services-teams		not_identified	preferred_only	core_candidate_title	compiler_mention,machine_learning,cloud_infrastructure,networking,embedded_systems,application_backend	https://www.amazon.jobs/en/jobs/10539293/software-dev-engineer-machine-learning-compilers-edge-ai-compiler-and-runtime-team	2cee0b7767094fb5950a73132a8855c512d09a3247da2e58366558d9b3481586
